  0.00000000E+00 -0.14547554E+02
  0.10969445E-01 -0.14547609E+02
  0.21938891E-01 -0.14547834E+02
  0.32908336E-01 -0.14548103E+02
  0.43877781E-01 -0.14548240E+02
  0.54847226E-01 -0.14548063E+02
  0.65816672E-01 -0.14547436E+02
  0.76786117E-01 -0.14546293E+02
  0.87755562E-01 -0.14544656E+02
  0.98725008E-01 -0.14542610E+02
  0.10969445E+00 -0.14540270E+02
  0.12066390E+00 -0.14537741E+02
  0.13163334E+00 -0.14535094E+02
  0.14260279E+00 -0.14532353E+02
  0.15357223E+00 -0.14529501E+02
  0.16454168E+00 -0.14526492E+02
  0.17551112E+00 -0.14523256E+02
  0.18648057E+00 -0.14519693E+02
  0.19745002E+00 -0.14515685E+02
  0.20841946E+00 -0.14511117E+02
  0.21938891E+00 -0.14505919E+02
  0.23035835E+00 -0.14500123E+02
  0.24132780E+00 -0.14493887E+02
  0.25229724E+00 -0.14487473E+02
  0.26326669E+00 -0.14481161E+02
  0.27423613E+00 -0.14475126E+02
  0.28520558E+00 -0.14469342E+02
  0.29617502E+00 -0.14463580E+02
  0.30714447E+00 -0.14457523E+02
  0.31811391E+00 -0.14450999E+02
  0.32908336E+00 -0.14444233E+02
  0.34005280E+00 -0.14438006E+02
  0.35102225E+00 -0.14433621E+02
  0.36199169E+00 -0.14432646E+02
  0.37296114E+00 -0.14436497E+02
  0.38393058E+00 -0.14445991E+02
  0.39490003E+00 -0.14461032E+02
  0.40586948E+00 -0.14480553E+02
  0.41683892E+00 -0.14502734E+02
  0.42780837E+00 -0.14525433E+02
  0.43877781E+00 -0.14546692E+02
  0.44974726E+00 -0.14565152E+02
  0.46071670E+00 -0.14580283E+02
  0.47168615E+00 -0.14592381E+02
  0.48265559E+00 -0.14602387E+02
  0.49362504E+00 -0.14611602E+02
  0.50459448E+00 -0.14621386E+02
  0.51556393E+00 -0.14632911E+02
  0.52653337E+00 -0.14646978E+02
  0.53750282E+00 -0.14663906E+02
  0.54847226E+00 -0.14683477E+02
  0.55944171E+00 -0.14704954E+02
  0.57041115E+00 -0.14727159E+02
  0.58138060E+00 -0.14748647E+02
  0.59235005E+00 -0.14767932E+02
  0.60331949E+00 -0.14783758E+02
  0.61428894E+00 -0.14795327E+02
  0.62525838E+00 -0.14802442E+02
  0.63622783E+00 -0.14805527E+02
  0.64719727E+00 -0.14805510E+02
  0.65816672E+00 -0.14803624E+02
  0.66913616E+00 -0.14801162E+02
  0.68010561E+00 -0.14799247E+02
  0.69107505E+00 -0.14798663E+02
  0.70204450E+00 -0.14799755E+02
  0.71301394E+00 -0.14802407E+02
  0.72398339E+00 -0.14806083E+02
  0.73495283E+00 -0.14809931E+02
  0.74592228E+00 -0.14812930E+02
  0.75689172E+00 -0.14814066E+02
  0.76786117E+00 -0.14812512E+02
  0.77883061E+00 -0.14807783E+02
  0.78980006E+00 -0.14799824E+02
  0.80076951E+00 -0.14789012E+02
  0.81173895E+00 -0.14776076E+02
  0.82270840E+00 -0.14761951E+02
  0.83367784E+00 -0.14747602E+02
  0.84464729E+00 -0.14733862E+02
  0.85561673E+00 -0.14721309E+02
  0.86658618E+00 -0.14710203E+02
  0.87755562E+00 -0.14700479E+02
  0.88852507E+00 -0.14691788E+02
  0.89949451E+00 -0.14683578E+02
  0.91046396E+00 -0.14675188E+02
  0.92143340E+00 -0.14665971E+02
  0.93240285E+00 -0.14655408E+02
  0.94337229E+00 -0.14643202E+02
  0.95434174E+00 -0.14629338E+02
  0.96531118E+00 -0.14614084E+02
  0.97628063E+00 -0.14597934E+02
  0.98725008E+00 -0.14581508E+02
  0.99821952E+00 -0.14565438E+02
  0.10091890E+01 -0.14550255E+02
  0.10201584E+01 -0.14536316E+02
  0.10311279E+01 -0.14523775E+02
  0.10420973E+01 -0.14512587E+02
  0.10530667E+01 -0.14502550E+02
  0.10640362E+01 -0.14493347E+02
  0.10750056E+01 -0.14484604E+02
  0.10859751E+01 -0.14475951E+02
  0.10969445E+01 -0.14467084E+02
  0.11079140E+01 -0.14457828E+02
  0.11188834E+01 -0.14448169E+02
  0.11298529E+01 -0.14438264E+02
  0.11408223E+01 -0.14428399E+02
  0.11517918E+01 -0.14418923E+02
  0.11627612E+01 -0.14410162E+02
  0.11737306E+01 -0.14402352E+02
  0.11847001E+01 -0.14395604E+02
  0.11956695E+01 -0.14389910E+02
  0.12066390E+01 -0.14385184E+02
  0.12176084E+01 -0.14381301E+02
  0.12285779E+01 -0.14378110E+02
  0.12395473E+01 -0.14375443E+02
  0.12505168E+01 -0.14373119E+02
  0.12614862E+01 -0.14370970E+02
  0.12724557E+01 -0.14368883E+02
  0.12834251E+01 -0.14366842E+02
  0.12943945E+01 -0.14364944E+02
  0.13053640E+01 -0.14363371E+02
  0.13163334E+01 -0.14362332E+02
  0.13273029E+01 -0.14362099E+02
  0.13382723E+01 -0.14362804E+02
  0.13492418E+01 -0.14364301E+02
  0.13602112E+01 -0.14366369E+02
  0.13711807E+01 -0.14368804E+02
  0.13821501E+01 -0.14371487E+02
  0.13931196E+01 -0.14374377E+02
  0.14040890E+01 -0.14377471E+02
  0.14150584E+01 -0.14380758E+02
  0.14260279E+01 -0.14384200E+02
  0.14369973E+01 -0.14387748E+02
  0.14479668E+01 -0.14391382E+02
  0.14589362E+01 -0.14395137E+02
  0.14699057E+01 -0.14399108E+02
  0.14808751E+01 -0.14403409E+02
  0.14918446E+01 -0.14408136E+02
  0.15028140E+01 -0.14413316E+02
  0.15137834E+01 -0.14418906E+02
  0.15247529E+01 -0.14424809E+02
  0.15357223E+01 -0.14430912E+02
  0.15466918E+01 -0.14437112E+02
  0.15576612E+01 -0.14443318E+02
  0.15686307E+01 -0.14449445E+02
  0.15796001E+01 -0.14455399E+02
  0.15905696E+01 -0.14461089E+02
  0.16015390E+01 -0.14466448E+02
  0.16125085E+01 -0.14471456E+02
  0.16234779E+01 -0.14476153E+02
  0.16344473E+01 -0.14480623E+02
  0.16454168E+01 -0.14484973E+02
  0.16563862E+01 -0.14489299E+02
  0.16673557E+01 -0.14493669E+02
  0.16783251E+01 -0.14498123E+02
  0.16892946E+01 -0.14502688E+02
  0.17002640E+01 -0.14507385E+02
  0.17112335E+01 -0.14512233E+02
  0.17222029E+01 -0.14517226E+02
  0.17331724E+01 -0.14522316E+02
  0.17441418E+01 -0.14527409E+02
  0.17551112E+01 -0.14532385E+02
  0.17660807E+01 -0.14537129E+02
  0.17770501E+01 -0.14541564E+02
  0.17880196E+01 -0.14545669E+02
  0.17989890E+01 -0.14549458E+02
  0.18099585E+01 -0.14552964E+02
  0.18209279E+01 -0.14556204E+02
  0.18318974E+01 -0.14559177E+02
  0.18428668E+01 -0.14561872E+02
  0.18538363E+01 -0.14564294E+02
  0.18648057E+01 -0.14566477E+02
  0.18757751E+01 -0.14568484E+02
  0.18867446E+01 -0.14570381E+02
  0.18977140E+01 -0.14572201E+02
  0.19086835E+01 -0.14573925E+02
  0.19196529E+01 -0.14575489E+02
  0.19306224E+01 -0.14576812E+02
  0.19415918E+01 -0.14577831E+02
  0.19525613E+01 -0.14578525E+02
  0.19635307E+01 -0.14578906E+02
  0.19745002E+01 -0.14579005E+02
  0.19854615E+01 -0.14579493E+02
  0.19964228E+01 -0.14580781E+02
  0.20073842E+01 -0.14582808E+02
  0.20183455E+01 -0.14585499E+02
  0.20293068E+01 -0.14588777E+02
  0.20402682E+01 -0.14592582E+02
  0.20512295E+01 -0.14596881E+02
  0.20621909E+01 -0.14601674E+02
  0.20731522E+01 -0.14606989E+02
  0.20841135E+01 -0.14612873E+02
  0.20950749E+01 -0.14619375E+02
  0.21060362E+01 -0.14626528E+02
  0.21169976E+01 -0.14634333E+02
  0.21279589E+01 -0.14642747E+02
  0.21389202E+01 -0.14651681E+02
  0.21498816E+01 -0.14661009E+02
  0.21608429E+01 -0.14670578E+02
  0.21718043E+01 -0.14680236E+02
  0.21827656E+01 -0.14689850E+02
  0.21937269E+01 -0.14699329E+02
  0.22046883E+01 -0.14708636E+02
  0.22156496E+01 -0.14717788E+02
  0.22266110E+01 -0.14726846E+02
  0.22375723E+01 -0.14735892E+02
  0.22485336E+01 -0.14745001E+02
  0.22594950E+01 -0.14754205E+02
  0.22704563E+01 -0.14763470E+02
  0.22814177E+01 -0.14772673E+02
  0.22923790E+01 -0.14781604E+02
  0.23033403E+01 -0.14789983E+02
  0.23143017E+01 -0.14797495E+02
  0.23252630E+01 -0.14803841E+02
  0.23362244E+01 -0.14808792E+02
  0.23471857E+01 -0.14812237E+02
  0.23581470E+01 -0.14814215E+02
  0.23691084E+01 -0.14814919E+02
  0.23800697E+01 -0.14814677E+02
  0.23910311E+01 -0.14813899E+02
  0.24019924E+01 -0.14813011E+02
  0.24129537E+01 -0.14812374E+02
  0.24239151E+01 -0.14812204E+02
  0.24348764E+01 -0.14812512E+02
  0.24458378E+01 -0.14813065E+02
  0.24567991E+01 -0.14813382E+02
  0.24677604E+01 -0.14812779E+02
  0.24787218E+01 -0.14810453E+02
  0.24896831E+01 -0.14805606E+02
  0.25006445E+01 -0.14797587E+02
  0.25116058E+01 -0.14786033E+02
  0.25225671E+01 -0.14770963E+02
  0.25335285E+01 -0.14752813E+02
  0.25444898E+01 -0.14732391E+02
  0.25554512E+01 -0.14710754E+02
  0.25664125E+01 -0.14689045E+02
  0.25773738E+01 -0.14668313E+02
  0.25883352E+01 -0.14649361E+02
  0.25992965E+01 -0.14632641E+02
  0.26102579E+01 -0.14618211E+02
  0.26212192E+01 -0.14605741E+02
  0.26321805E+01 -0.14594579E+02
  0.26431419E+01 -0.14583856E+02
  0.26541032E+01 -0.14572637E+02
  0.26650646E+01 -0.14560106E+02
  0.26760259E+01 -0.14545761E+02
  0.26869872E+01 -0.14529575E+02
  0.26979486E+01 -0.14512074E+02
  0.27089099E+01 -0.14494289E+02
  0.27198713E+01 -0.14477567E+02
  0.27308326E+01 -0.14463290E+02
  0.27417939E+01 -0.14452564E+02
  0.27527553E+01 -0.14445980E+02
  0.27637166E+01 -0.14443518E+02
  0.27746780E+01 -0.14444623E+02
  0.27856393E+01 -0.14448397E+02
  0.27966006E+01 -0.14453866E+02
  0.28075620E+01 -0.14460190E+02
  0.28185233E+01 -0.14466788E+02
  0.28294847E+01 -0.14473345E+02
  0.28404460E+01 -0.14479730E+02
  0.28514073E+01 -0.14485895E+02
  0.28623687E+01 -0.14491790E+02
  0.28733300E+01 -0.14497337E+02
  0.28842914E+01 -0.14502450E+02
  0.28952527E+01 -0.14507072E+02
  0.29062140E+01 -0.14511204E+02
  0.29171754E+01 -0.14514908E+02
  0.29281367E+01 -0.14518284E+02
  0.29390981E+01 -0.14521439E+02
  0.29500594E+01 -0.14524464E+02
  0.29610207E+01 -0.14527428E+02
  0.29719821E+01 -0.14530371E+02
  0.29829434E+01 -0.14533308E+02
  0.29939048E+01 -0.14536221E+02
  0.30048661E+01 -0.14539050E+02
  0.30158274E+01 -0.14541689E+02
  0.30267888E+01 -0.14544004E+02
  0.30377501E+01 -0.14545860E+02
  0.30487115E+01 -0.14547164E+02
  0.30596728E+01 -0.14547900E+02
  0.30706341E+01 -0.14548143E+02
  0.30815955E+01 -0.14548044E+02
  0.30925568E+01 -0.14547798E+02
  0.31035182E+01 -0.14547591E+02
  0.31144795E+01 -0.14547554E+02
  
  0.00000000E+00 -0.12354915E+02
  0.10969445E-01 -0.12355006E+02
  0.21938891E-01 -0.12355175E+02
  0.32908336E-01 -0.12355376E+02
  0.43877781E-01 -0.12355539E+02
  0.54847226E-01 -0.12355581E+02
  0.65816672E-01 -0.12355419E+02
  0.76786117E-01 -0.12355001E+02
  0.87755562E-01 -0.12354321E+02
  0.98725008E-01 -0.12353413E+02
  0.10969445E+00 -0.12352340E+02
  0.12066390E+00 -0.12351156E+02
  0.13163334E+00 -0.12349897E+02
  0.14260279E+00 -0.12348579E+02
  0.15357223E+00 -0.12347217E+02
  0.16454168E+00 -0.12345838E+02
  0.17551112E+00 -0.12344465E+02
  0.18648057E+00 -0.12343064E+02
  0.19745002E+00 -0.12341495E+02
  0.20841946E+00 -0.12339500E+02
  0.21938891E+00 -0.12336793E+02
  0.23035835E+00 -0.12333245E+02
  0.24132780E+00 -0.12329135E+02
  0.25229724E+00 -0.12325353E+02
  0.26326669E+00 -0.12323447E+02
  0.27423613E+00 -0.12325442E+02
  0.28520558E+00 -0.12333440E+02
  0.29617502E+00 -0.12349101E+02
  0.30714447E+00 -0.12373184E+02
  0.31811391E+00 -0.12405300E+02
  0.32908336E+00 -0.12443981E+02
  0.34005280E+00 -0.12487032E+02
  0.35102225E+00 -0.12532054E+02
  0.36199169E+00 -0.12576982E+02
  0.37296114E+00 -0.12620468E+02
  0.38393058E+00 -0.12662055E+02
  0.39490003E+00 -0.12702128E+02
  0.40586948E+00 -0.12741685E+02
  0.41683892E+00 -0.12782035E+02
  0.42780837E+00 -0.12824482E+02
  0.43877781E+00 -0.12870053E+02
  0.44974726E+00 -0.12919299E+02
  0.46071670E+00 -0.12972173E+02
  0.47168615E+00 -0.13028006E+02
  0.48265559E+00 -0.13085577E+02
  0.49362504E+00 -0.13143285E+02
  0.50459448E+00 -0.13199395E+02
  0.51556393E+00 -0.13252334E+02
  0.52653337E+00 -0.13300961E+02
  0.53750282E+00 -0.13344753E+02
  0.54847226E+00 -0.13383878E+02
  0.55944171E+00 -0.13419121E+02
  0.57041115E+00 -0.13451707E+02
  0.58138060E+00 -0.13483052E+02
  0.59235005E+00 -0.13514506E+02
  0.60331949E+00 -0.13547129E+02
  0.61428894E+00 -0.13581532E+02
  0.62525838E+00 -0.13617807E+02
  0.63622783E+00 -0.13655523E+02
  0.64719727E+00 -0.13693821E+02
  0.65816672E+00 -0.13731556E+02
  0.66913616E+00 -0.13767501E+02
  0.68010561E+00 -0.13800555E+02
  0.69107505E+00 -0.13829943E+02
  0.70204450E+00 -0.13855340E+02
  0.71301394E+00 -0.13876917E+02
  0.72398339E+00 -0.13895296E+02
  0.73495283E+00 -0.13911409E+02
  0.74592228E+00 -0.13926330E+02
  0.75689172E+00 -0.13941077E+02
  0.76786117E+00 -0.13956456E+02
  0.77883061E+00 -0.13972938E+02
  0.78980006E+00 -0.13990613E+02
  0.80076951E+00 -0.14009193E+02
  0.81173895E+00 -0.14028083E+02
  0.82270840E+00 -0.14046495E+02
  0.83367784E+00 -0.14063588E+02
  0.84464729E+00 -0.14078631E+02
  0.85561673E+00 -0.14091127E+02
  0.86658618E+00 -0.14100908E+02
  0.87755562E+00 -0.14108155E+02
  0.88852507E+00 -0.14113357E+02
  0.89949451E+00 -0.14117212E+02
  0.91046396E+00 -0.14120505E+02
  0.92143340E+00 -0.14123968E+02
  0.93240285E+00 -0.14128172E+02
  0.94337229E+00 -0.14133437E+02
  0.95434174E+00 -0.14139803E+02
  0.96531118E+00 -0.14147031E+02
  0.97628063E+00 -0.14154662E+02
  0.98725008E+00 -0.14162100E+02
  0.99821952E+00 -0.14168728E+02
  0.10091890E+01 -0.14174023E+02
  0.10201584E+01 -0.14177647E+02
  0.10311279E+01 -0.14179509E+02
  0.10420973E+01 -0.14179765E+02
  0.10530667E+01 -0.14178783E+02
  0.10640362E+01 -0.14177072E+02
  0.10750056E+01 -0.14175198E+02
  0.10859751E+01 -0.14173694E+02
  0.10969445E+01 -0.14172985E+02
  0.11079140E+01 -0.14173325E+02
  0.11188834E+01 -0.14174768E+02
  0.11298529E+01 -0.14177161E+02
  0.11408223E+01 -0.14180185E+02
  0.11517918E+01 -0.14183415E+02
  0.11627612E+01 -0.14186410E+02
  0.11737306E+01 -0.14188793E+02
  0.11847001E+01 -0.14190319E+02
  0.11956695E+01 -0.14190892E+02
  0.12066390E+01 -0.14190553E+02
  0.12176084E+01 -0.14189451E+02
  0.12285779E+01 -0.14187813E+02
  0.12395473E+01 -0.14185922E+02
  0.12505168E+01 -0.14184080E+02
  0.12614862E+01 -0.14182565E+02
  0.12724557E+01 -0.14181571E+02
  0.12834251E+01 -0.14181163E+02
  0.12943945E+01 -0.14181263E+02
  0.13053640E+01 -0.14181665E+02
  0.13163334E+01 -0.14182112E+02
  0.13273029E+01 -0.14182296E+02
  0.13382723E+01 -0.14182022E+02
  0.13492418E+01 -0.14181328E+02
  0.13602112E+01 -0.14180351E+02
  0.13711807E+01 -0.14179255E+02
  0.13821501E+01 -0.14178179E+02
  0.13931196E+01 -0.14177235E+02
  0.14040890E+01 -0.14176532E+02
  0.14150584E+01 -0.14176202E+02
  0.14260279E+01 -0.14176394E+02
  0.14369973E+01 -0.14177239E+02
  0.14479668E+01 -0.14178799E+02
  0.14589362E+01 -0.14181025E+02
  0.14699057E+01 -0.14183749E+02
  0.14808751E+01 -0.14186715E+02
  0.14918446E+01 -0.14189636E+02
  0.15028140E+01 -0.14192254E+02
  0.15137834E+01 -0.14194380E+02
  0.15247529E+01 -0.14195903E+02
  0.15357223E+01 -0.14196788E+02
  0.15466918E+01 -0.14197062E+02
  0.15576612E+01 -0.14196813E+02
  0.15686307E+01 -0.14196197E+02
  0.15796001E+01 -0.14195424E+02
  0.15905696E+01 -0.14194734E+02
  0.16015390E+01 -0.14194352E+02
  0.16125085E+01 -0.14194446E+02
  0.16234779E+01 -0.14195098E+02
  0.16344473E+01 -0.14196297E+02
  0.16454168E+01 -0.14197952E+02
  0.16563862E+01 -0.14199922E+02
  0.16673557E+01 -0.14202040E+02
  0.16783251E+01 -0.14204131E+02
  0.16892946E+01 -0.14206025E+02
  0.17002640E+01 -0.14207567E+02
  0.17112335E+01 -0.14208640E+02
  0.17222029E+01 -0.14209194E+02
  0.17331724E+01 -0.14209261E+02
  0.17441418E+01 -0.14208961E+02
  0.17551112E+01 -0.14208470E+02
  0.17660807E+01 -0.14207979E+02
  0.17770501E+01 -0.14207649E+02
  0.17880196E+01 -0.14207585E+02
  0.17989890E+01 -0.14207828E+02
  0.18099585E+01 -0.14208376E+02
  0.18209279E+01 -0.14209197E+02
  0.18318974E+01 -0.14210238E+02
  0.18428668E+01 -0.14211430E+02
  0.18538363E+01 -0.14212670E+02
  0.18648057E+01 -0.14213832E+02
  0.18757751E+01 -0.14214778E+02
  0.18867446E+01 -0.14215392E+02
  0.18977140E+01 -0.14215620E+02
  0.19086835E+01 -0.14215487E+02
  0.19196529E+01 -0.14215090E+02
  0.19306224E+01 -0.14214566E+02
  0.19415918E+01 -0.14214049E+02
  0.19525613E+01 -0.14213640E+02
  0.19635307E+01 -0.14213398E+02
  0.19745002E+01 -0.14213342E+02
  0.19854615E+01 -0.14212982E+02
  0.19964228E+01 -0.14212078E+02
  0.20073842E+01 -0.14210757E+02
  0.20183455E+01 -0.14209188E+02
  0.20293068E+01 -0.14207547E+02
  0.20402682E+01 -0.14205966E+02
  0.20512295E+01 -0.14204505E+02
  0.20621909E+01 -0.14203129E+02
  0.20731522E+01 -0.14201707E+02
  0.20841135E+01 -0.14200034E+02
  0.20950749E+01 -0.14197865E+02
  0.21060362E+01 -0.14194960E+02
  0.21169976E+01 -0.14191138E+02
  0.21279589E+01 -0.14186305E+02
  0.21389202E+01 -0.14180476E+02
  0.21498816E+01 -0.14173771E+02
  0.21608429E+01 -0.14166385E+02
  0.21718043E+01 -0.14158546E+02
  0.21827656E+01 -0.14150463E+02
  0.21937269E+01 -0.14142275E+02
  0.22046883E+01 -0.14134022E+02
  0.22156496E+01 -0.14125627E+02
  0.22266110E+01 -0.14116913E+02
  0.22375723E+01 -0.14107639E+02
  0.22485336E+01 -0.14097553E+02
  0.22594950E+01 -0.14086446E+02
  0.22704563E+01 -0.14074209E+02
  0.22814177E+01 -0.14060853E+02
  0.22923790E+01 -0.14046516E+02
  0.23033403E+01 -0.14031429E+02
  0.23143017E+01 -0.14015863E+02
  0.23252630E+01 -0.14000060E+02
  0.23362244E+01 -0.13984160E+02
  0.23471857E+01 -0.13968144E+02
  0.23581470E+01 -0.13951803E+02
  0.23691084E+01 -0.13934742E+02
  0.23800697E+01 -0.13916429E+02
  0.23910311E+01 -0.13896274E+02
  0.24019924E+01 -0.13873747E+02
  0.24129537E+01 -0.13848480E+02
  0.24239151E+01 -0.13820363E+02
  0.24348764E+01 -0.13789581E+02
  0.24458378E+01 -0.13756603E+02
  0.24567991E+01 -0.13722099E+02
  0.24677604E+01 -0.13686823E+02
  0.24787218E+01 -0.13651470E+02
  0.24896831E+01 -0.13616543E+02
  0.25006445E+01 -0.13582255E+02
  0.25116058E+01 -0.13548481E+02
  0.25225671E+01 -0.13514774E+02
  0.25335285E+01 -0.13480440E+02
  0.25444898E+01 -0.13444675E+02
  0.25554512E+01 -0.13406722E+02
  0.25664125E+01 -0.13366046E+02
  0.25773738E+01 -0.13322462E+02
  0.25883352E+01 -0.13276202E+02
  0.25992965E+01 -0.13227897E+02
  0.26102579E+01 -0.13178460E+02
  0.26212192E+01 -0.13128903E+02
  0.26321805E+01 -0.13080124E+02
  0.26431419E+01 -0.13032703E+02
  0.26541032E+01 -0.12986751E+02
  0.26650646E+01 -0.12941842E+02
  0.26760259E+01 -0.12897059E+02
  0.26869872E+01 -0.12851140E+02
  0.26979486E+01 -0.12802751E+02
  0.27089099E+01 -0.12750829E+02
  0.27198713E+01 -0.12694961E+02
  0.27308326E+01 -0.12635702E+02
  0.27417939E+01 -0.12574723E+02
  0.27527553E+01 -0.12514712E+02
  0.27637166E+01 -0.12458983E+02
  0.27746780E+01 -0.12410846E+02
  0.27856393E+01 -0.12372884E+02
  0.27966006E+01 -0.12346349E+02
  0.28075620E+01 -0.12330872E+02
  0.28185233E+01 -0.12324594E+02
  0.28294847E+01 -0.12324695E+02
  0.28404460E+01 -0.12328134E+02
  0.28514073E+01 -0.12332361E+02
  0.28623687E+01 -0.12335775E+02
  0.28733300E+01 -0.12337823E+02
  0.28842914E+01 -0.12338768E+02
  0.28952527E+01 -0.12339271E+02
  0.29062140E+01 -0.12339973E+02
  0.29171754E+01 -0.12341220E+02
  0.29281367E+01 -0.12342997E+02
  0.29390981E+01 -0.12345037E+02
  0.29500594E+01 -0.12346997E+02
  0.29610207E+01 -0.12348631E+02
  0.29719821E+01 -0.12349860E+02
  0.29829434E+01 -0.12350756E+02
  0.29939048E+01 -0.12351460E+02
  0.30048661E+01 -0.12352099E+02
  0.30158274E+01 -0.12352732E+02
  0.30267888E+01 -0.12353348E+02
  0.30377501E+01 -0.12353899E+02
  0.30487115E+01 -0.12354339E+02
  0.30596728E+01 -0.12354648E+02
  0.30706341E+01 -0.12354840E+02
  0.30815955E+01 -0.12354941E+02
  0.30925568E+01 -0.12354978E+02
  0.31035182E+01 -0.12354965E+02
  0.31144795E+01 -0.12354915E+02
  
  0.00000000E+00 -0.72031662E+01
  0.10969445E-01 -0.72029104E+01
  0.21938891E-01 -0.72021161E+01
  0.32908336E-01 -0.72006757E+01
  0.43877781E-01 -0.71984305E+01
  0.54847226E-01 -0.71952009E+01
  0.65816672E-01 -0.71908192E+01
  0.76786117E-01 -0.71851588E+01
  0.87755562E-01 -0.71781526E+01
  0.98725008E-01 -0.71697971E+01
  0.10969445E+00 -0.71601425E+01
  0.12066390E+00 -0.71492739E+01
  0.13163334E+00 -0.71372900E+01
  0.14260279E+00 -0.71242851E+01
  0.15357223E+00 -0.71103372E+01
  0.16454168E+00 -0.70955010E+01
  0.17551112E+00 -0.70798041E+01
  0.18648057E+00 -0.70632458E+01
  0.19745002E+00 -0.70458007E+01
  0.20841946E+00 -0.70274296E+01
  0.21938891E+00 -0.70080973E+01
  0.23035835E+00 -0.69877930E+01
  0.24132780E+00 -0.69665441E+01
  0.25229724E+00 -0.69444142E+01
  0.26326669E+00 -0.69214808E+01
  0.27423613E+00 -0.68978028E+01
  0.28520558E+00 -0.68733907E+01
  0.29617502E+00 -0.68482016E+01
  0.30714447E+00 -0.68221680E+01
  0.31811391E+00 -0.67952574E+01
  0.32908336E+00 -0.67675381E+01
  0.34005280E+00 -0.67392216E+01
  0.35102225E+00 -0.67106528E+01
  0.36199169E+00 -0.66822421E+01
  0.37296114E+00 -0.66543575E+01
  0.38393058E+00 -0.66272164E+01
  0.39490003E+00 -0.66008186E+01
  0.40586948E+00 -0.65749467E+01
  0.41683892E+00 -0.65492337E+01
  0.42780837E+00 -0.65232723E+01
  0.43877781E+00 -0.64967303E+01
  0.44974726E+00 -0.64694387E+01
  0.46071670E+00 -0.64414320E+01
  0.47168615E+00 -0.64129373E+01
  0.48265559E+00 -0.63843203E+01
  0.49362504E+00 -0.63560098E+01
  0.50459448E+00 -0.63284190E+01
  0.51556393E+00 -0.63018830E+01
  0.52653337E+00 -0.62766222E+01
  0.53750282E+00 -0.62527351E+01
  0.54847226E+00 -0.62302177E+01
  0.55944171E+00 -0.62090068E+01
  0.57041115E+00 -0.61890490E+01
  0.58138060E+00 -0.61704129E+01
  0.59235005E+00 -0.61535095E+01
  0.60331949E+00 -0.61396180E+01
  0.61428894E+00 -0.61321854E+01
  0.62525838E+00 -0.61378972E+01
  0.63622783E+00 -0.61594845E+01
  0.64719727E+00 -0.61900877E+01
  0.65816672E+00 -0.62238103E+01
  0.66913616E+00 -0.62585419E+01
  0.68010561E+00 -0.62938834E+01
  0.69107505E+00 -0.63300163E+01
  0.70204450E+00 -0.63672370E+01
  0.71301394E+00 -0.64057309E+01
  0.72398339E+00 -0.64454538E+01
  0.73495283E+00 -0.64860936E+01
  0.74592228E+00 -0.65271038E+01
  0.75689172E+00 -0.65677962E+01
  0.76786117E+00 -0.66074651E+01
  0.77883061E+00 -0.66455122E+01
  0.78980006E+00 -0.66815451E+01
  0.80076951E+00 -0.67154305E+01
  0.81173895E+00 -0.67472967E+01
  0.82270840E+00 -0.67774905E+01
  0.83367784E+00 -0.68064998E+01
  0.84464729E+00 -0.68348586E+01
  0.85561673E+00 -0.68630507E+01
  0.86658618E+00 -0.68914261E+01
  0.87755562E+00 -0.69201408E+01
  0.88852507E+00 -0.69491272E+01
  0.89949451E+00 -0.69780978E+01
  0.91046396E+00 -0.70065847E+01
  0.92143340E+00 -0.70340092E+01
  0.93240285E+00 -0.70597719E+01
  0.94337229E+00 -0.70833474E+01
  0.95434174E+00 -0.71043668E+01
  0.96531118E+00 -0.71226713E+01
  0.97628063E+00 -0.71383275E+01
  0.98725008E+00 -0.71516004E+01
  0.99821952E+00 -0.71628921E+01
  0.10091890E+01 -0.71726574E+01
  0.10201584E+01 -0.71813132E+01
  0.10311279E+01 -0.71891602E+01
  0.10420973E+01 -0.71963273E+01
  0.10530667E+01 -0.72027481E+01
  0.10640362E+01 -0.72081714E+01
  0.10750056E+01 -0.72122051E+01
  0.10859751E+01 -0.72143863E+01
  0.10969445E+01 -0.72142686E+01
  0.11079140E+01 -0.72115112E+01
  0.11188834E+01 -0.72059510E+01
  0.11298529E+01 -0.71976435E+01
  0.11408223E+01 -0.71868628E+01
  0.11517918E+01 -0.71844947E+01
  0.11627612E+01 -0.71993617E+01
  0.11737306E+01 -0.72131014E+01
  0.11847001E+01 -0.72256874E+01
  0.11956695E+01 -0.72371217E+01
  0.12066390E+01 -0.72474322E+01
  0.12176084E+01 -0.72566685E+01
  0.12285779E+01 -0.72648900E+01
  0.12395473E+01 -0.72721520E+01
  0.12505168E+01 -0.72784940E+01
  0.12614862E+01 -0.72839352E+01
  0.12724557E+01 -0.72884747E+01
  0.12834251E+01 -0.72920961E+01
  0.12943945E+01 -0.72947721E+01
  0.13053640E+01 -0.72964693E+01
  0.13163334E+01 -0.72971535E+01
  0.13273029E+01 -0.72968061E+01
  0.13382723E+01 -0.72954258E+01
  0.13492418E+01 -0.72930218E+01
  0.13602112E+01 -0.72896387E+01
  0.13711807E+01 -0.72853598E+01
  0.13821501E+01 -0.72803019E+01
  0.13931196E+01 -0.72746007E+01
  0.14040890E+01 -0.72683914E+01
  0.14150584E+01 -0.72617887E+01
  0.14260279E+01 -0.72548718E+01
  0.14369973E+01 -0.72476788E+01
  0.14479668E+01 -0.72402175E+01
  0.14589362E+01 -0.72347038E+01
  0.14699057E+01 -0.72627351E+01
  0.14808751E+01 -0.72915044E+01
  0.14918446E+01 -0.73201942E+01
  0.15028140E+01 -0.73487021E+01
  0.15137834E+01 -0.73769637E+01
  0.15247529E+01 -0.74049438E+01
  0.15357223E+01 -0.74326274E+01
  0.15466918E+01 -0.74600075E+01
  0.15576612E+01 -0.74870721E+01
  0.15686307E+01 -0.75137928E+01
  0.15796001E+01 -0.75401182E+01
  0.15905696E+01 -0.75659739E+01
  0.16015390E+01 -0.75912685E+01
  0.16125085E+01 -0.76159046E+01
  0.16234779E+01 -0.76397922E+01
  0.16344473E+01 -0.76628610E+01
  0.16454168E+01 -0.76850712E+01
  0.16563862E+01 -0.77064194E+01
  0.16673557E+01 -0.77269393E+01
  0.16783251E+01 -0.77466981E+01
  0.16892946E+01 -0.77657865E+01
  0.17002640E+01 -0.77843063E+01
  0.17112335E+01 -0.78023540E+01
  0.17222029E+01 -0.78200054E+01
  0.17331724E+01 -0.78373014E+01
  0.17441418E+01 -0.78542400E+01
  0.17551112E+01 -0.78707739E+01
  0.17660807E+01 -0.78868167E+01
  0.17770501E+01 -0.79022544E+01
  0.17880196E+01 -0.79169619E+01
  0.17989890E+01 -0.79308203E+01
  0.18099585E+01 -0.79437330E+01
  0.18209279E+01 -0.79556373E+01
  0.18318974E+01 -0.79665104E+01
  0.18428668E+01 -0.79763688E+01
  0.18538363E+01 -0.79852623E+01
  0.18648057E+01 -0.79932625E+01
  0.18757751E+01 -0.80004492E+01
  0.18867446E+01 -0.80068957E+01
  0.18977140E+01 -0.80126560E+01
  0.19086835E+01 -0.80177566E+01
  0.19196529E+01 -0.80221935E+01
  0.19306224E+01 -0.80259354E+01
  0.19415918E+01 -0.80289320E+01
  0.19525613E+01 -0.80311258E+01
  0.19635307E+01 -0.80324643E+01
  0.19745002E+01 -0.80329114E+01
  0.19854615E+01 -0.80317385E+01
  0.19964228E+01 -0.80282281E+01
  0.20073842E+01 -0.80223764E+01
  0.20183455E+01 -0.80141818E+01
  0.20293068E+01 -0.80036506E+01
  0.20402682E+01 -0.79907999E+01
  0.20512295E+01 -0.79756586E+01
  0.20621909E+01 -0.79582646E+01
  0.20731522E+01 -0.79386625E+01
  0.20841135E+01 -0.79168996E+01
  0.20950749E+01 -0.78930238E+01
  0.21060362E+01 -0.78670807E+01
  0.21169976E+01 -0.78391131E+01
  0.21279589E+01 -0.78091623E+01
  0.21389202E+01 -0.77772720E+01
  0.21498816E+01 -0.77434960E+01
  0.21608429E+01 -0.77079069E+01
  0.21718043E+01 -0.76706042E+01
  0.21827656E+01 -0.76317176E+01
  0.21937269E+01 -0.75914060E+01
  0.22046883E+01 -0.75498510E+01
  0.22156496E+01 -0.75072457E+01
  0.22266110E+01 -0.74637805E+01
  0.22375723E+01 -0.74196256E+01
  0.22485336E+01 -0.73749127E+01
  0.22594950E+01 -0.73297185E+01
  0.22704563E+01 -0.72840557E+01
  0.22814177E+01 -0.72378773E+01
  0.22923790E+01 -0.71910959E+01
  0.23033403E+01 -0.71436188E+01
  0.23143017E+01 -0.70953906E+01
  0.23252630E+01 -0.70464337E+01
  0.23362244E+01 -0.69968765E+01
  0.23471857E+01 -0.69469626E+01
  0.23581470E+01 -0.68970375E+01
  0.23691084E+01 -0.68475168E+01
  0.23800697E+01 -0.67988408E+01
  0.23910311E+01 -0.67514255E+01
  0.24019924E+01 -0.67056166E+01
  0.24129537E+01 -0.66616577E+01
  0.24239151E+01 -0.66196792E+01
  0.24348764E+01 -0.65797143E+01
  0.24458378E+01 -0.65417439E+01
  0.24567991E+01 -0.65057654E+01
  0.24677604E+01 -0.64718731E+01
  0.24787218E+01 -0.64403283E+01
  0.24896831E+01 -0.64115895E+01
  0.25006445E+01 -0.63862750E+01
  0.25116058E+01 -0.63650491E+01
  0.25225671E+01 -0.63484666E+01
  0.25335285E+01 -0.63368500E+01
  0.25444898E+01 -0.63302544E+01
  0.25554512E+01 -0.63285173E+01
  0.25664125E+01 -0.63313375E+01
  0.25773738E+01 -0.63383371E+01
  0.25883352E+01 -0.63490938E+01
  0.25992965E+01 -0.63631534E+01
  0.26102579E+01 -0.63800370E+01
  0.26212192E+01 -0.63992500E+01
  0.26321805E+01 -0.64202949E+01
  0.26431419E+01 -0.64426907E+01
  0.26541032E+01 -0.64659974E+01
  0.26650646E+01 -0.64898455E+01
  0.26760259E+01 -0.65139670E+01
  0.26869872E+01 -0.65382169E+01
  0.26979486E+01 -0.65625760E+01
  0.27089099E+01 -0.65871285E+01
  0.27198713E+01 -0.66120139E+01
  0.27308326E+01 -0.66373644E+01
  0.27417939E+01 -0.66632466E+01
  0.27527553E+01 -0.66896255E+01
  0.27637166E+01 -0.67163636E+01
  0.27746780E+01 -0.67432541E+01
  0.27856393E+01 -0.67700720E+01
  0.27966006E+01 -0.67966230E+01
  0.28075620E+01 -0.68227715E+01
  0.28185233E+01 -0.68484395E+01
  0.28294847E+01 -0.68735817E+01
  0.28404460E+01 -0.68981515E+01
  0.28514073E+01 -0.69220728E+01
  0.28623687E+01 -0.69452320E+01
  0.28733300E+01 -0.69674914E+01
  0.28842914E+01 -0.69887177E+01
  0.28952527E+01 -0.70088143E+01
  0.29062140E+01 -0.70277439E+01
  0.29171754E+01 -0.70455354E+01
  0.29281367E+01 -0.70622721E+01
  0.29390981E+01 -0.70780689E+01
  0.29500594E+01 -0.70930427E+01
  0.29610207E+01 -0.71072854E+01
  0.29719821E+01 -0.71208417E+01
  0.29829434E+01 -0.71336968E+01
  0.29939048E+01 -0.71457743E+01
  0.30048661E+01 -0.71569465E+01
  0.30158274E+01 -0.71670559E+01
  0.30267888E+01 -0.71759466E+01
  0.30377501E+01 -0.71834982E+01
  0.30487115E+01 -0.71896564E+01
  0.30596728E+01 -0.71944498E+01
  0.30706341E+01 -0.71979889E+01
  0.30815955E+01 -0.72004450E+01
  0.30925568E+01 -0.72020154E+01
  0.31035182E+01 -0.72028807E+01
  0.31144795E+01 -0.72031662E+01
  
  0.00000000E+00 -0.45248772E+01
  0.10969445E-01 -0.45253749E+01
  0.21938891E-01 -0.45268481E+01
  0.32908336E-01 -0.45292529E+01
  0.43877781E-01 -0.45325298E+01
  0.54847226E-01 -0.45366233E+01
  0.65816672E-01 -0.45414936E+01
  0.76786117E-01 -0.45471204E+01
  0.87755562E-01 -0.45534973E+01
  0.98725008E-01 -0.45606230E+01
  0.10969445E+00 -0.45684943E+01
  0.12066390E+00 -0.45771034E+01
  0.13163334E+00 -0.45864417E+01
  0.14260279E+00 -0.45965031E+01
  0.15357223E+00 -0.46072845E+01
  0.16454168E+00 -0.46187810E+01
  0.17551112E+00 -0.46309768E+01
  0.18648057E+00 -0.46438392E+01
  0.19745002E+00 -0.46573222E+01
  0.20841946E+00 -0.46713818E+01
  0.21938891E+00 -0.46860015E+01
  0.23035835E+00 -0.47012136E+01
  0.24132780E+00 -0.47171043E+01
  0.25229724E+00 -0.47337924E+01
  0.26326669E+00 -0.47513849E+01
  0.27423613E+00 -0.47699277E+01
  0.28520558E+00 -0.47893768E+01
  0.29617502E+00 -0.48096126E+01
  0.30714447E+00 -0.48305073E+01
  0.31811391E+00 -0.48520270E+01
  0.32908336E+00 -0.48743385E+01
  0.34005280E+00 -0.48978709E+01
  0.35102225E+00 -0.49232952E+01
  0.36199169E+00 -0.49514015E+01
  0.37296114E+00 -0.49828957E+01
  0.38393058E+00 -0.50181786E+01
  0.39490003E+00 -0.50571964E+01
  0.40586948E+00 -0.50994274E+01
  0.41683892E+00 -0.51440110E+01
  0.42780837E+00 -0.51899632E+01
  0.43877781E+00 -0.52363957E+01
  0.44974726E+00 -0.52826755E+01
  0.46071670E+00 -0.53284990E+01
  0.47168615E+00 -0.53738905E+01
  0.48265559E+00 -0.54191457E+01
  0.49362504E+00 -0.54647410E+01
  0.50459448E+00 -0.55112242E+01
  0.51556393E+00 -0.55590951E+01
  0.52653337E+00 -0.56086871E+01
  0.53750282E+00 -0.56600679E+01
  0.54847226E+00 -0.57129747E+01
  0.55944171E+00 -0.57668003E+01
  0.57041115E+00 -0.58206252E+01
  0.58138060E+00 -0.58732609E+01
  0.59235005E+00 -0.59232094E+01
  0.60331949E+00 -0.59683050E+01
  0.61428894E+00 -0.60045413E+01
  0.62525838E+00 -0.60250659E+01
  0.63622783E+00 -0.60273726E+01
  0.64719727E+00 -0.60188779E+01
  0.65816672E+00 -0.60062580E+01
  0.66913616E+00 -0.59924902E+01
  0.68010561E+00 -0.59787827E+01
  0.69107505E+00 -0.59655783E+01
  0.70204450E+00 -0.59529274E+01
  0.71301394E+00 -0.59406700E+01
  0.72398339E+00 -0.59285622E+01
  0.73495283E+00 -0.59163741E+01
  0.74592228E+00 -0.59213424E+01
  0.75689172E+00 -0.59677138E+01
  0.76786117E+00 -0.60140696E+01
  0.77883061E+00 -0.60604610E+01
  0.78980006E+00 -0.61069156E+01
  0.80076951E+00 -0.61534101E+01
  0.81173895E+00 -0.61998614E+01
  0.82270840E+00 -0.62461272E+01
  0.83367784E+00 -0.62920157E+01
  0.84464729E+00 -0.63373055E+01
  0.85561673E+00 -0.63817707E+01
  0.86658618E+00 -0.64252069E+01
  0.87755562E+00 -0.64674532E+01
  0.88852507E+00 -0.65084078E+01
  0.89949451E+00 -0.65480346E+01
  0.91046396E+00 -0.65863600E+01
  0.92143340E+00 -0.66234631E+01
  0.93240285E+00 -0.66594587E+01
  0.94337229E+00 -0.66944770E+01
  0.95434174E+00 -0.67286412E+01
  0.96531118E+00 -0.67620487E+01
  0.97628063E+00 -0.67947558E+01
  0.98725008E+00 -0.68267709E+01
  0.99821952E+00 -0.68580563E+01
  0.10091890E+01 -0.68885380E+01
  0.10201584E+01 -0.69181209E+01
  0.10311279E+01 -0.69467046E+01
  0.10420973E+01 -0.69741985E+01
  0.10530667E+01 -0.70005309E+01
  0.10640362E+01 -0.70256558E+01
  0.10750056E+01 -0.70495547E+01
  0.10859751E+01 -0.70722349E+01
  0.10969445E+01 -0.70937241E+01
  0.11079140E+01 -0.71140613E+01
  0.11188834E+01 -0.71332858E+01
  0.11298529E+01 -0.71514258E+01
  0.11408223E+01 -0.71684887E+01
  0.11517918E+01 -0.71740231E+01
  0.11627612E+01 -0.71597225E+01
  0.11737306E+01 -0.71444690E+01
  0.11847001E+01 -0.71287422E+01
  0.11956695E+01 -0.71128808E+01
  0.12066390E+01 -0.70970665E+01
  0.12176084E+01 -0.70813417E+01
  0.12285779E+01 -0.70656615E+01
  0.12395473E+01 -0.70499731E+01
  0.12505168E+01 -0.70343100E+01
  0.12614862E+01 -0.70188869E+01
  0.12724557E+01 -0.70041745E+01
  0.12834251E+01 -0.69909266E+01
  0.12943945E+01 -0.69801280E+01
  0.13053640E+01 -0.69728438E+01
  0.13163334E+01 -0.69699929E+01
  0.13273029E+01 -0.69721248E+01
  0.13382723E+01 -0.69792592E+01
  0.13492418E+01 -0.69910086E+01
  0.13602112E+01 -0.70067274E+01
  0.13711807E+01 -0.70256918E+01
  0.13821501E+01 -0.70472235E+01
  0.13931196E+01 -0.70707488E+01
  0.14040890E+01 -0.70958091E+01
  0.14150584E+01 -0.71220465E+01
  0.14260279E+01 -0.71491809E+01
  0.14369973E+01 -0.71769846E+01
  0.14479668E+01 -0.72052536E+01
  0.14589362E+01 -0.72315629E+01
  0.14699057E+01 -0.72241007E+01
  0.14808751E+01 -0.72154684E+01
  0.14918446E+01 -0.72063058E+01
  0.15028140E+01 -0.71965854E+01
  0.15137834E+01 -0.71863026E+01
  0.15247529E+01 -0.71754903E+01
  0.15357223E+01 -0.71642212E+01
  0.15466918E+01 -0.71526032E+01
  0.15576612E+01 -0.71407686E+01
  0.15686307E+01 -0.71288602E+01
  0.15796001E+01 -0.71170155E+01
  0.15905696E+01 -0.71053542E+01
  0.16015390E+01 -0.70939671E+01
  0.16125085E+01 -0.70829111E+01
  0.16234779E+01 -0.70722075E+01
  0.16344473E+01 -0.70618448E+01
  0.16454168E+01 -0.70517862E+01
  0.16563862E+01 -0.70419789E+01
  0.16673557E+01 -0.70323664E+01
  0.16783251E+01 -0.70228998E+01
  0.16892946E+01 -0.70135476E+01
  0.17002640E+01 -0.70043019E+01
  0.17112335E+01 -0.69951799E+01
  0.17222029E+01 -0.69862225E+01
  0.17331724E+01 -0.69774893E+01
  0.17441418E+01 -0.69690521E+01
  0.17551112E+01 -0.69609871E+01
  0.17660807E+01 -0.69533666E+01
  0.17770501E+01 -0.69462512E+01
  0.17880196E+01 -0.69396823E+01
  0.17989890E+01 -0.69336767E+01
  0.18099585E+01 -0.69282246E+01
  0.18209279E+01 -0.69232913E+01
  0.18318974E+01 -0.69188217E+01
  0.18428668E+01 -0.69147493E+01
  0.18538363E+01 -0.69110046E+01
  0.18648057E+01 -0.69075245E+01
  0.18757751E+01 -0.69042605E+01
  0.18867446E+01 -0.69011841E+01
  0.18977140E+01 -0.68982911E+01
  0.19086835E+01 -0.68956016E+01
  0.19196529E+01 -0.68931585E+01
  0.19306224E+01 -0.68910219E+01
  0.19415918E+01 -0.68892614E+01
  0.19525613E+01 -0.68879461E+01
  0.19635307E+01 -0.68871343E+01
  0.19745002E+01 -0.68868646E+01
  0.19854615E+01 -0.68856967E+01
  0.19964228E+01 -0.68822725E+01
  0.20073842E+01 -0.68767507E+01
  0.20183455E+01 -0.68693571E+01
  0.20293068E+01 -0.68603364E+01
  0.20402682E+01 -0.68498987E+01
  0.20512295E+01 -0.68381711E+01
  0.20621909E+01 -0.68251675E+01
  0.20731522E+01 -0.68107821E+01
  0.20841135E+01 -0.67948113E+01
  0.20950749E+01 -0.67769975E+01
  0.21060362E+01 -0.67570866E+01
  0.21169976E+01 -0.67348861E+01
  0.21279589E+01 -0.67103117E+01
  0.21389202E+01 -0.66834124E+01
  0.21498816E+01 -0.66543724E+01
  0.21608429E+01 -0.66234861E+01
  0.21718043E+01 -0.65911143E+01
  0.21827656E+01 -0.65576276E+01
  0.21937269E+01 -0.65233488E+01
  0.22046883E+01 -0.64885053E+01
  0.22156496E+01 -0.64532011E+01
  0.22266110E+01 -0.64174158E+01
  0.22375723E+01 -0.63810285E+01
  0.22485336E+01 -0.63438622E+01
  0.22594950E+01 -0.63057366E+01
  0.22704563E+01 -0.62665179E+01
  0.22814177E+01 -0.62261550E+01
  0.22923790E+01 -0.61846961E+01
  0.23033403E+01 -0.61422841E+01
  0.23143017E+01 -0.60991316E+01
  0.23252630E+01 -0.60554813E+01
  0.23362244E+01 -0.60115570E+01
  0.23471857E+01 -0.59675164E+01
  0.23581470E+01 -0.59234203E+01
  0.23691084E+01 -0.59077324E+01
  0.23800697E+01 -0.59095762E+01
  0.23910311E+01 -0.59115388E+01
  0.24019924E+01 -0.59138310E+01
  0.24129537E+01 -0.59165446E+01
  0.24239151E+01 -0.59195915E+01
  0.24348764E+01 -0.59226646E+01
  0.24458378E+01 -0.59252275E+01
  0.24567991E+01 -0.59265311E+01
  0.24677604E+01 -0.59256557E+01
  0.24787218E+01 -0.59215764E+01
  0.24896831E+01 -0.59132571E+01
  0.25006445E+01 -0.58997810E+01
  0.25116058E+01 -0.58805138E+01
  0.25225671E+01 -0.58552569E+01
  0.25335285E+01 -0.58243215E+01
  0.25444898E+01 -0.57884720E+01
  0.25554512E+01 -0.57487571E+01
  0.25664125E+01 -0.57063005E+01
  0.25773738E+01 -0.56621219E+01
  0.25883352E+01 -0.56170229E+01
  0.25992965E+01 -0.55715410E+01
  0.26102579E+01 -0.55259617E+01
  0.26212192E+01 -0.54803729E+01
  0.26321805E+01 -0.54347415E+01
  0.26431419E+01 -0.53889950E+01
  0.26541032E+01 -0.53430951E+01
  0.26650646E+01 -0.52970941E+01
  0.26760259E+01 -0.52511704E+01
  0.26869872E+01 -0.52056426E+01
  0.26979486E+01 -0.51609587E+01
  0.27089099E+01 -0.51176581E+01
  0.27198713E+01 -0.50763043E+01
  0.27308326E+01 -0.50373953E+01
  0.27417939E+01 -0.50012716E+01
  0.27527553E+01 -0.49680510E+01
  0.27637166E+01 -0.49376167E+01
  0.27746780E+01 -0.49096650E+01
  0.27856393E+01 -0.48837958E+01
  0.27966006E+01 -0.48596102E+01
  0.28075620E+01 -0.48367841E+01
  0.28185233E+01 -0.48150992E+01
  0.28294847E+01 -0.47944322E+01
  0.28404460E+01 -0.47747190E+01
  0.28514073E+01 -0.47559131E+01
  0.28623687E+01 -0.47379559E+01
  0.28733300E+01 -0.47207690E+01
  0.28842914E+01 -0.47042655E+01
  0.28952527E+01 -0.46883723E+01
  0.29062140E+01 -0.46730503E+01
  0.29171754E+01 -0.46583036E+01
  0.29281367E+01 -0.46441742E+01
  0.29390981E+01 -0.46307265E+01
  0.29500594E+01 -0.46180284E+01
  0.29610207E+01 -0.46061382E+01
  0.29719821E+01 -0.45950972E+01
  0.29829434E+01 -0.45849300E+01
  0.29939048E+01 -0.45756452E+01
  0.30048661E+01 -0.45672351E+01
  0.30158274E+01 -0.45596730E+01
  0.30267888E+01 -0.45529118E+01
  0.30377501E+01 -0.45468904E+01
  0.30487115E+01 -0.45415494E+01
  0.30596728E+01 -0.45368531E+01
  0.30706341E+01 -0.45328110E+01
  0.30815955E+01 -0.45294856E+01
  0.30925568E+01 -0.45269815E+01
  0.31035182E+01 -0.45254163E+01
  0.31144795E+01 -0.45248772E+01
  
  0.00000000E+00 -0.45248760E+01
  0.10969445E-01 -0.45245124E+01
  0.21938891E-01 -0.45234320E+01
  0.32908336E-01 -0.45216448E+01
  0.43877781E-01 -0.45191739E+01
  0.54847226E-01 -0.45160566E+01
  0.65816672E-01 -0.45123415E+01
  0.76786117E-01 -0.45080812E+01
  0.87755562E-01 -0.45033208E+01
  0.98725008E-01 -0.44980862E+01
  0.10969445E+00 -0.44923765E+01
  0.12066390E+00 -0.44861657E+01
  0.13163334E+00 -0.44794106E+01
  0.14260279E+00 -0.44720650E+01
  0.15357223E+00 -0.44640918E+01
  0.16454168E+00 -0.44554720E+01
  0.17551112E+00 -0.44462061E+01
  0.18648057E+00 -0.44363112E+01
  0.19745002E+00 -0.44258160E+01
  0.20841946E+00 -0.44147567E+01
  0.21938891E+00 -0.44031748E+01
  0.23035835E+00 -0.43911154E+01
  0.24132780E+00 -0.43786251E+01
  0.25229724E+00 -0.43657474E+01
  0.26326669E+00 -0.43525169E+01
  0.27423613E+00 -0.43389543E+01
  0.28520558E+00 -0.43250652E+01
  0.29617502E+00 -0.43108432E+01
  0.30714447E+00 -0.42962784E+01
  0.31811391E+00 -0.42861135E+01
  0.32908336E+00 -0.43027575E+01
  0.34005280E+00 -0.43216402E+01
  0.35102225E+00 -0.43420096E+01
  0.36199169E+00 -0.43633008E+01
  0.37296114E+00 -0.43852960E+01
  0.38393058E+00 -0.44082172E+01
  0.39490003E+00 -0.44326860E+01
  0.40586948E+00 -0.44595428E+01
  0.41683892E+00 -0.44895612E+01
  0.42780837E+00 -0.45231760E+01
  0.43877781E+00 -0.45603809E+01
  0.44974726E+00 -0.46008265E+01
  0.46071670E+00 -0.46439953E+01
  0.47168615E+00 -0.46893320E+01
  0.48265559E+00 -0.47363084E+01
  0.49362504E+00 -0.47844553E+01
  0.50459448E+00 -0.48333881E+01
  0.51556393E+00 -0.48828269E+01
  0.52653337E+00 -0.49326016E+01
  0.53750282E+00 -0.49826331E+01
  0.54847226E+00 -0.50328980E+01
  0.55944171E+00 -0.50833883E+01
  0.57041115E+00 -0.51340833E+01
  0.58138060E+00 -0.51849378E+01
  0.59235005E+00 -0.52358848E+01
  0.60331949E+00 -0.52868438E+01
  0.61428894E+00 -0.53377302E+01
  0.62525838E+00 -0.53884611E+01
  0.63622783E+00 -0.54389572E+01
  0.64719727E+00 -0.54891443E+01
  0.65816672E+00 -0.55389549E+01
  0.66913616E+00 -0.55883316E+01
  0.68010561E+00 -0.56372325E+01
  0.69107505E+00 -0.56856370E+01
  0.70204450E+00 -0.57335500E+01
  0.71301394E+00 -0.57810043E+01
  0.72398339E+00 -0.58280586E+01
  0.73495283E+00 -0.58747902E+01
  0.74592228E+00 -0.59038932E+01
  0.75689172E+00 -0.58911464E+01
  0.76786117E+00 -0.58780688E+01
  0.77883061E+00 -0.58647480E+01
  0.78980006E+00 -0.58512969E+01
  0.80076951E+00 -0.58378518E+01
  0.81173895E+00 -0.58245634E+01
  0.82270840E+00 -0.58115885E+01
  0.83367784E+00 -0.57990810E+01
  0.84464729E+00 -0.57871793E+01
  0.85561673E+00 -0.57759962E+01
  0.86658618E+00 -0.57656149E+01
  0.87755562E+00 -0.57560922E+01
  0.88852507E+00 -0.57474691E+01
  0.89949451E+00 -0.57397808E+01
  0.91046396E+00 -0.57330626E+01
  0.92143340E+00 -0.57273484E+01
  0.93240285E+00 -0.57226635E+01
  0.94337229E+00 -0.57190174E+01
  0.95434174E+00 -0.57163987E+01
  0.96531118E+00 -0.57147777E+01
  0.97628063E+00 -0.57141161E+01
  0.98725008E+00 -0.57143847E+01
  0.99821952E+00 -0.57155864E+01
  0.10091890E+01 -0.57177822E+01
  0.10201584E+01 -0.57211165E+01
  0.10311279E+01 -0.57258342E+01
  0.10420973E+01 -0.57322838E+01
  0.10530667E+01 -0.57408934E+01
  0.10640362E+01 -0.57521169E+01
  0.10750056E+01 -0.57663466E+01
  0.10859751E+01 -0.57838146E+01
  0.10969445E+01 -0.58045177E+01
  0.11079140E+01 -0.58282067E+01
  0.11188834E+01 -0.58544485E+01
  0.11298529E+01 -0.58827267E+01
  0.11408223E+01 -0.59125388E+01
  0.11517918E+01 -0.59434586E+01
  0.11627612E+01 -0.59751616E+01
  0.11737306E+01 -0.60074201E+01
  0.11847001E+01 -0.60400780E+01
  0.11956695E+01 -0.60730132E+01
  0.12066390E+01 -0.61060927E+01
  0.12176084E+01 -0.61391240E+01
  0.12285779E+01 -0.61718093E+01
  0.12395473E+01 -0.62037066E+01
  0.12505168E+01 -0.62342048E+01
  0.12614862E+01 -0.62625154E+01
  0.12724557E+01 -0.62876907E+01
  0.12834251E+01 -0.63086754E+01
  0.12943945E+01 -0.63244093E+01
  0.13053640E+01 -0.63339831E+01
  0.13163334E+01 -0.63368257E+01
  0.13273029E+01 -0.63327932E+01
  0.13382723E+01 -0.63222542E+01
  0.13492418E+01 -0.63060549E+01
  0.13602112E+01 -0.62851931E+01
  0.13711807E+01 -0.62606149E+01
  0.13821501E+01 -0.62331093E+01
  0.13931196E+01 -0.62033001E+01
  0.14040890E+01 -0.61717035E+01
  0.14150584E+01 -0.61388125E+01
  0.14260279E+01 -0.61051816E+01
  0.14369973E+01 -0.60714932E+01
  0.14479668E+01 -0.60385811E+01
  0.14589362E+01 -0.60073899E+01
  0.14699057E+01 -0.59788537E+01
  0.14808751E+01 -0.59537189E+01
  0.14918446E+01 -0.59323814E+01
  0.15028140E+01 -0.59148215E+01
  0.15137834E+01 -0.59006635E+01
  0.15247529E+01 -0.58893171E+01
  0.15357223E+01 -0.58801297E+01
  0.15466918E+01 -0.58725020E+01
  0.15576612E+01 -0.58659531E+01
  0.15686307E+01 -0.58601425E+01
  0.15796001E+01 -0.58548618E+01
  0.15905696E+01 -0.58500084E+01
  0.16015390E+01 -0.58455521E+01
  0.16125085E+01 -0.58415029E+01
  0.16234779E+01 -0.58378837E+01
  0.16344473E+01 -0.58347121E+01
  0.16454168E+01 -0.58319900E+01
  0.16563862E+01 -0.58297017E+01
  0.16673557E+01 -0.58278190E+01
  0.16783251E+01 -0.58263095E+01
  0.16892946E+01 -0.58251455E+01
  0.17002640E+01 -0.58243090E+01
  0.17112335E+01 -0.58237908E+01
  0.17222029E+01 -0.58235847E+01
  0.17331724E+01 -0.58236799E+01
  0.17441418E+01 -0.58240536E+01
  0.17551112E+01 -0.58246695E+01
  0.17660807E+01 -0.58254794E+01
  0.17770501E+01 -0.58264286E+01
  0.17880196E+01 -0.58274616E+01
  0.17989890E+01 -0.58285270E+01
  0.18099585E+01 -0.58295818E+01
  0.18209279E+01 -0.58305953E+01
  0.18318974E+01 -0.58315533E+01
  0.18428668E+01 -0.58324623E+01
  0.18538363E+01 -0.58333496E+01
  0.18648057E+01 -0.58342587E+01
  0.18757751E+01 -0.58352376E+01
  0.18867446E+01 -0.58363237E+01
  0.18977140E+01 -0.58375290E+01
  0.19086835E+01 -0.58388300E+01
  0.19196529E+01 -0.58401679E+01
  0.19306224E+01 -0.58414563E+01
  0.19415918E+01 -0.58425958E+01
  0.19525613E+01 -0.58434905E+01
  0.19635307E+01 -0.58440620E+01
  0.19745002E+01 -0.58442592E+01
  0.19854615E+01 -0.58442996E+01
  0.19964228E+01 -0.58444143E+01
  0.20073842E+01 -0.58445587E+01
  0.20183455E+01 -0.58446735E+01
  0.20293068E+01 -0.58447022E+01
  0.20402682E+01 -0.58446084E+01
  0.20512295E+01 -0.58443869E+01
  0.20621909E+01 -0.58440685E+01
  0.20731522E+01 -0.58437173E+01
  0.20841135E+01 -0.58434215E+01
  0.20950749E+01 -0.58432788E+01
  0.21060362E+01 -0.58433794E+01
  0.21169976E+01 -0.58437877E+01
  0.21279589E+01 -0.58445290E+01
  0.21389202E+01 -0.58455843E+01
  0.21498816E+01 -0.58468961E+01
  0.21608429E+01 -0.58483841E+01
  0.21718043E+01 -0.58499676E+01
  0.21827656E+01 -0.58515887E+01
  0.21937269E+01 -0.58532317E+01
  0.22046883E+01 -0.58549332E+01
  0.22156496E+01 -0.58567818E+01
  0.22266110E+01 -0.58589058E+01
  0.22375723E+01 -0.58614487E+01
  0.22485336E+01 -0.58645358E+01
  0.22594950E+01 -0.58682373E+01
  0.22704563E+01 -0.58725383E+01
  0.22814177E+01 -0.58773243E+01
  0.22923790E+01 -0.58823901E+01
  0.23033403E+01 -0.58874715E+01
  0.23143017E+01 -0.58922931E+01
  0.23252630E+01 -0.58966204E+01
  0.23362244E+01 -0.59003042E+01
  0.23471857E+01 -0.59033078E+01
  0.23581470E+01 -0.59057073E+01
  0.23691084E+01 -0.58791592E+01
  0.23800697E+01 -0.58346197E+01
  0.23910311E+01 -0.57895253E+01
  0.24019924E+01 -0.57436302E+01
  0.24129537E+01 -0.56967482E+01
  0.24239151E+01 -0.56488164E+01
  0.24348764E+01 -0.55999313E+01
  0.24458378E+01 -0.55503527E+01
  0.24567991E+01 -0.55004725E+01
  0.24677604E+01 -0.54507534E+01
  0.24787218E+01 -0.54016490E+01
  0.24896831E+01 -0.53535199E+01
  0.25006445E+01 -0.53065653E+01
  0.25116058E+01 -0.52607830E+01
  0.25225671E+01 -0.52159705E+01
  0.25335285E+01 -0.51717663E+01
  0.25444898E+01 -0.51277271E+01
  0.25554512E+01 -0.50834247E+01
  0.25664125E+01 -0.50385441E+01
  0.25773738E+01 -0.49929643E+01
  0.25883352E+01 -0.49468039E+01
  0.25992965E+01 -0.49004208E+01
  0.26102579E+01 -0.48543598E+01
  0.26212192E+01 -0.48092558E+01
  0.26321805E+01 -0.47657058E+01
  0.26431419E+01 -0.47241362E+01
  0.26541032E+01 -0.46846954E+01
  0.26650646E+01 -0.46472006E+01
  0.26760259E+01 -0.46111556E+01
  0.26869872E+01 -0.45758453E+01
  0.26979486E+01 -0.45404922E+01
  0.27089099E+01 -0.45044543E+01
  0.27198713E+01 -0.44674315E+01
  0.27308326E+01 -0.44296428E+01
  0.27417939E+01 -0.43919305E+01
  0.27527553E+01 -0.43557369E+01
  0.27637166E+01 -0.43229109E+01
  0.27746780E+01 -0.42953306E+01
  0.27856393E+01 -0.42744176E+01
  0.27966006E+01 -0.42729905E+01
  0.28075620E+01 -0.42891113E+01
  0.28185233E+01 -0.43048546E+01
  0.28294847E+01 -0.43202081E+01
  0.28404460E+01 -0.43351502E+01
  0.28514073E+01 -0.43496426E+01
  0.28623687E+01 -0.43636383E+01
  0.28733300E+01 -0.43770915E+01
  0.28842914E+01 -0.43899652E+01
  0.28952527E+01 -0.44022372E+01
  0.29062140E+01 -0.44139011E+01
  0.29171754E+01 -0.44249642E+01
  0.29281367E+01 -0.44354437E+01
  0.29390981E+01 -0.44453600E+01
  0.29500594E+01 -0.44547316E+01
  0.29610207E+01 -0.44635699E+01
  0.29719821E+01 -0.44718771E+01
  0.29829434E+01 -0.44796451E+01
  0.29939048E+01 -0.44868570E+01
  0.30048661E+01 -0.44934902E+01
  0.30158274E+01 -0.44995196E+01
  0.30267888E+01 -0.45049218E+01
  0.30377501E+01 -0.45096782E+01
  0.30487115E+01 -0.45137777E+01
  0.30596728E+01 -0.45172179E+01
  0.30706341E+01 -0.45200043E+01
  0.30815955E+01 -0.45221485E+01
  0.30925568E+01 -0.45236654E+01
  0.31035182E+01 -0.45245695E+01
  0.31144795E+01 -0.45248760E+01
  
  0.00000000E+00 -0.41973959E+01
  0.10969445E-01 -0.41941109E+01
  0.21938891E-01 -0.41849365E+01
  0.32908336E-01 -0.41717487E+01
  0.43877781E-01 -0.41572814E+01
  0.54847226E-01 -0.41445138E+01
  0.65816672E-01 -0.41358694E+01
  0.76786117E-01 -0.41325096E+01
  0.87755562E-01 -0.41341249E+01
  0.98725008E-01 -0.41393682E+01
  0.10969445E+00 -0.41466091E+01
  0.12066390E+00 -0.41545432E+01
  0.13163334E+00 -0.41624407E+01
  0.14260279E+00 -0.41700871E+01
  0.15357223E+00 -0.41775741E+01
  0.16454168E+00 -0.41850772E+01
  0.17551112E+00 -0.41927050E+01
  0.18648057E+00 -0.42004386E+01
  0.19745002E+00 -0.42081388E+01
  0.20841946E+00 -0.42155834E+01
  0.21938891E+00 -0.42225162E+01
  0.23035835E+00 -0.42287081E+01
  0.24132780E+00 -0.42340435E+01
  0.25229724E+00 -0.42386234E+01
  0.26326669E+00 -0.42428486E+01
  0.27423613E+00 -0.42474288E+01
  0.28520558E+00 -0.42532773E+01
  0.29617502E+00 -0.42613004E+01
  0.30714447E+00 -0.42721480E+01
  0.31811391E+00 -0.42812838E+01
  0.32908336E+00 -0.42660439E+01
  0.34005280E+00 -0.42504162E+01
  0.35102225E+00 -0.42344838E+01
  0.36199169E+00 -0.42183180E+01
  0.37296114E+00 -0.42020246E+01
  0.38393058E+00 -0.42065444E+01
  0.39490003E+00 -0.42427943E+01
  0.40586948E+00 -0.42772855E+01
  0.41683892E+00 -0.43098827E+01
  0.42780837E+00 -0.43408397E+01
  0.43877781E+00 -0.43707453E+01
  0.44974726E+00 -0.44002983E+01
  0.46071670E+00 -0.44300482E+01
  0.47168615E+00 -0.44602369E+01
  0.48265559E+00 -0.44907710E+01
  0.49362504E+00 -0.45212853E+01
  0.50459448E+00 -0.45512525E+01
  0.51556393E+00 -0.45801078E+01
  0.52653337E+00 -0.46073726E+01
  0.53750282E+00 -0.46327602E+01
  0.54847226E+00 -0.46562509E+01
  0.55944171E+00 -0.46781165E+01
  0.57041115E+00 -0.46988868E+01
  0.58138060E+00 -0.47192620E+01
  0.59235005E+00 -0.47399874E+01
  0.60331949E+00 -0.47617168E+01
  0.61428894E+00 -0.47848921E+01
  0.62525838E+00 -0.48096628E+01
  0.63622783E+00 -0.48358597E+01
  0.64719727E+00 -0.48630267E+01
  0.65816672E+00 -0.48905025E+01
  0.66913616E+00 -0.49175345E+01
  0.68010561E+00 -0.49434015E+01
  0.69107505E+00 -0.49675256E+01
  0.70204450E+00 -0.49895544E+01
  0.71301394E+00 -0.50094052E+01
  0.72398339E+00 -0.50272660E+01
  0.73495283E+00 -0.50435549E+01
  0.74592228E+00 -0.50588435E+01
  0.75689172E+00 -0.50737548E+01
  0.76786117E+00 -0.50888497E+01
  0.77883061E+00 -0.51045242E+01
  0.78980006E+00 -0.51209347E+01
  0.80076951E+00 -0.51379683E+01
  0.81173895E+00 -0.51552626E+01
  0.82270840E+00 -0.51722704E+01
  0.83367784E+00 -0.51883557E+01
  0.84464729E+00 -0.52029001E+01
  0.85561673E+00 -0.52154032E+01
  0.86658618E+00 -0.52255603E+01
  0.87755562E+00 -0.52333098E+01
  0.88852507E+00 -0.52388444E+01
  0.89949451E+00 -0.52425861E+01
  0.91046396E+00 -0.52451246E+01
  0.92143340E+00 -0.52471262E+01
  0.93240285E+00 -0.52492258E+01
  0.94337229E+00 -0.52519210E+01
  0.95434174E+00 -0.52554913E+01
  0.96531118E+00 -0.52599612E+01
  0.97628063E+00 -0.52651137E+01
  0.98725008E+00 -0.52705497E+01
  0.99821952E+00 -0.52757819E+01
  0.10091890E+01 -0.52803811E+01
  0.10201584E+01 -0.52870381E+01
  0.10311279E+01 -0.53225696E+01
  0.10420973E+01 -0.53588128E+01
  0.10530667E+01 -0.53928673E+01
  0.10640362E+01 -0.54243565E+01
  0.10750056E+01 -0.54530345E+01
  0.10859751E+01 -0.54787941E+01
  0.10969445E+01 -0.55016986E+01
  0.11079140E+01 -0.55219670E+01
  0.11188834E+01 -0.55399026E+01
  0.11298529E+01 -0.55557984E+01
  0.11408223E+01 -0.55698630E+01
  0.11517918E+01 -0.55821924E+01
  0.11627612E+01 -0.55927881E+01
  0.11737306E+01 -0.56016030E+01
  0.11847001E+01 -0.56085968E+01
  0.11956695E+01 -0.56137851E+01
  0.12066390E+01 -0.56172704E+01
  0.12176084E+01 -0.56192526E+01
  0.12285779E+01 -0.56200189E+01
  0.12395473E+01 -0.56199180E+01
  0.12505168E+01 -0.56193224E+01
  0.12614862E+01 -0.56185848E+01
  0.12724557E+01 -0.56179942E+01
  0.12834251E+01 -0.56177382E+01
  0.12943945E+01 -0.56178799E+01
  0.13053640E+01 -0.56183552E+01
  0.13163334E+01 -0.56189916E+01
  0.13273029E+01 -0.56195196E+01
  0.13382723E+01 -0.56196646E+01
  0.13492418E+01 -0.56191688E+01
  0.13602112E+01 -0.56178164E+01
  0.13711807E+01 -0.56154366E+01
  0.13821501E+01 -0.56118807E+01
  0.13931196E+01 -0.56069798E+01
  0.14040890E+01 -0.56004987E+01
  0.14150584E+01 -0.55920983E+01
  0.14260279E+01 -0.55813177E+01
  0.14369973E+01 -0.55675813E+01
  0.14479668E+01 -0.55502391E+01
  0.14589362E+01 -0.55286497E+01
  0.14699057E+01 -0.55023078E+01
  0.14808751E+01 -0.54709911E+01
  0.14918446E+01 -0.54348612E+01
  0.15028140E+01 -0.53944531E+01
  0.15137834E+01 -0.53505473E+01
  0.15247529E+01 -0.53040041E+01
  0.15357223E+01 -0.52568673E+01
  0.15466918E+01 -0.52486562E+01
  0.15576612E+01 -0.52455749E+01
  0.15686307E+01 -0.52419574E+01
  0.15796001E+01 -0.52377635E+01
  0.15905696E+01 -0.52330218E+01
  0.16015390E+01 -0.52277808E+01
  0.16125085E+01 -0.52220974E+01
  0.16234779E+01 -0.52160273E+01
  0.16344473E+01 -0.52096139E+01
  0.16454168E+01 -0.52028777E+01
  0.16563862E+01 -0.51958101E+01
  0.16673557E+01 -0.51883745E+01
  0.16783251E+01 -0.51805137E+01
  0.16892946E+01 -0.51721630E+01
  0.17002640E+01 -0.51632644E+01
  0.17112335E+01 -0.51537782E+01
  0.17222029E+01 -0.51436888E+01
  0.17331724E+01 -0.51330054E+01
  0.17441418E+01 -0.51217613E+01
  0.17551112E+01 -0.51100122E+01
  0.17660807E+01 -0.50978370E+01
  0.17770501E+01 -0.50853383E+01
  0.17880196E+01 -0.50726386E+01
  0.17989890E+01 -0.50598724E+01
  0.18099585E+01 -0.50471719E+01
  0.18209279E+01 -0.50346532E+01
  0.18318974E+01 -0.50224060E+01
  0.18428668E+01 -0.50104939E+01
  0.18538363E+01 -0.49989643E+01
  0.18648057E+01 -0.49878639E+01
  0.18757751E+01 -0.49772531E+01
  0.18867446E+01 -0.49672138E+01
  0.18977140E+01 -0.49578501E+01
  0.19086835E+01 -0.49492847E+01
  0.19196529E+01 -0.49416543E+01
  0.19306224E+01 -0.49351059E+01
  0.19415918E+01 -0.49297926E+01
  0.19525613E+01 -0.49258636E+01
  0.19635307E+01 -0.49234480E+01
  0.19745002E+01 -0.49226350E+01
  0.19854615E+01 -0.49223869E+01
  0.19964228E+01 -0.49216559E+01
  0.20073842E+01 -0.49204613E+01
  0.20183455E+01 -0.49188305E+01
  0.20293068E+01 -0.49167919E+01
  0.20402682E+01 -0.49143690E+01
  0.20512295E+01 -0.49115738E+01
  0.20621909E+01 -0.49084038E+01
  0.20731522E+01 -0.49048413E+01
  0.20841135E+01 -0.49008576E+01
  0.20950749E+01 -0.48964180E+01
  0.21060362E+01 -0.48914901E+01
  0.21169976E+01 -0.48860502E+01
  0.21279589E+01 -0.48800887E+01
  0.21389202E+01 -0.48736122E+01
  0.21498816E+01 -0.48666422E+01
  0.21608429E+01 -0.48592105E+01
  0.21718043E+01 -0.48513523E+01
  0.21827656E+01 -0.48430982E+01
  0.21937269E+01 -0.48344670E+01
  0.22046883E+01 -0.48254615E+01
  0.22156496E+01 -0.48160683E+01
  0.22266110E+01 -0.48062613E+01
  0.22375723E+01 -0.47960092E+01
  0.22485336E+01 -0.47852841E+01
  0.22594950E+01 -0.47740696E+01
  0.22704563E+01 -0.47623672E+01
  0.22814177E+01 -0.47501985E+01
  0.22923790E+01 -0.47376041E+01
  0.23033403E+01 -0.47246378E+01
  0.23143017E+01 -0.47113581E+01
  0.23252630E+01 -0.46978167E+01
  0.23362244E+01 -0.46840471E+01
  0.23471857E+01 -0.46700560E+01
  0.23581470E+01 -0.46558188E+01
  0.23691084E+01 -0.46412824E+01
  0.23800697E+01 -0.46263732E+01
  0.23910311E+01 -0.46110119E+01
  0.24019924E+01 -0.45951293E+01
  0.24129537E+01 -0.45786818E+01
  0.24239151E+01 -0.45616628E+01
  0.24348764E+01 -0.45441078E+01
  0.24458378E+01 -0.45260922E+01
  0.24567991E+01 -0.45077219E+01
  0.24677604E+01 -0.44891190E+01
  0.24787218E+01 -0.44704031E+01
  0.24896831E+01 -0.44516731E+01
  0.25006445E+01 -0.44329922E+01
  0.25116058E+01 -0.44143789E+01
  0.25225671E+01 -0.43958058E+01
  0.25335285E+01 -0.43772078E+01
  0.25444898E+01 -0.43584965E+01
  0.25554512E+01 -0.43395799E+01
  0.25664125E+01 -0.43203816E+01
  0.25773738E+01 -0.43008570E+01
  0.25883352E+01 -0.42810018E+01
  0.25992965E+01 -0.42608527E+01
  0.26102579E+01 -0.42404783E+01
  0.26212192E+01 -0.42199632E+01
  0.26321805E+01 -0.41993875E+01
  0.26431419E+01 -0.41788054E+01
  0.26541032E+01 -0.41582283E+01
  0.26650646E+01 -0.41376145E+01
  0.26760259E+01 -0.41168699E+01
  0.26869872E+01 -0.40958677E+01
  0.26979486E+01 -0.41052831E+01
  0.27089099E+01 -0.41258442E+01
  0.27198713E+01 -0.41460753E+01
  0.27308326E+01 -0.41658562E+01
  0.27417939E+01 -0.41851020E+01
  0.27527553E+01 -0.42037689E+01
  0.27637166E+01 -0.42218522E+01
  0.27746780E+01 -0.42393778E+01
  0.27856393E+01 -0.42563822E+01
  0.27966006E+01 -0.42605895E+01
  0.28075620E+01 -0.42533303E+01
  0.28185233E+01 -0.42508955E+01
  0.28294847E+01 -0.42510795E+01
  0.28404460E+01 -0.42516842E+01
  0.28514073E+01 -0.42510221E+01
  0.28623687E+01 -0.42481768E+01
  0.28733300E+01 -0.42430024E+01
  0.28842914E+01 -0.42359267E+01
  0.28952527E+01 -0.42276610E+01
  0.29062140E+01 -0.42189226E+01
  0.29171754E+01 -0.42102488E+01
  0.29281367E+01 -0.42019248E+01
  0.29390981E+01 -0.41940064E+01
  0.29500594E+01 -0.41863843E+01
  0.29610207E+01 -0.41788516E+01
  0.29719821E+01 -0.41711678E+01
  0.29829434E+01 -0.41631409E+01
  0.29939048E+01 -0.41547551E+01
  0.30048661E+01 -0.41463416E+01
  0.30158274E+01 -0.41387330E+01
  0.30267888E+01 -0.41332847E+01
  0.30377501E+01 -0.41316186E+01
  0.30487115E+01 -0.41350361E+01
  0.30596728E+01 -0.41438003E+01
  0.30706341E+01 -0.41567248E+01
  0.30815955E+01 -0.41713717E+01
  0.30925568E+01 -0.41847380E+01
  0.31035182E+01 -0.41940508E+01
  0.31144795E+01 -0.41973959E+01
  
  0.00000000E+00 -0.33944630E+01
  0.10969445E-01 -0.33976586E+01
  0.21938891E-01 -0.34065540E+01
  0.32908336E-01 -0.34192107E+01
  0.43877781E-01 -0.34328205E+01
  0.54847226E-01 -0.34443562E+01
  0.65816672E-01 -0.34514096E+01
  0.76786117E-01 -0.34529455E+01
  0.87755562E-01 -0.34498432E+01
  0.98725008E-01 -0.34526009E+01
  0.10969445E+00 -0.34645320E+01
  0.12066390E+00 -0.34781704E+01
  0.13163334E+00 -0.34931907E+01
  0.14260279E+00 -0.35096231E+01
  0.15357223E+00 -0.35275377E+01
  0.16454168E+00 -0.35470060E+01
  0.17551112E+00 -0.35680861E+01
  0.18648057E+00 -0.35908138E+01
  0.19745002E+00 -0.36151964E+01
  0.20841946E+00 -0.36412113E+01
  0.21938891E+00 -0.36688076E+01
  0.23035835E+00 -0.36979124E+01
  0.24132780E+00 -0.37284395E+01
  0.25229724E+00 -0.37602974E+01
  0.26326669E+00 -0.37933957E+01
  0.27423613E+00 -0.38276472E+01
  0.28520558E+00 -0.38629668E+01
  0.29617502E+00 -0.38992665E+01
  0.30714447E+00 -0.39364489E+01
  0.31811391E+00 -0.39743976E+01
  0.32908336E+00 -0.40129672E+01
  0.34005280E+00 -0.40519711E+01
  0.35102225E+00 -0.40911689E+01
  0.36199169E+00 -0.41302543E+01
  0.37296114E+00 -0.41688428E+01
  0.38393058E+00 -0.41856777E+01
  0.39490003E+00 -0.41695276E+01
  0.40586948E+00 -0.41536681E+01
  0.41683892E+00 -0.41382733E+01
  0.42780837E+00 -0.41234944E+01
  0.43877781E+00 -0.41094609E+01
  0.44974726E+00 -0.40962739E+01
  0.46071670E+00 -0.40840051E+01
  0.47168615E+00 -0.40726983E+01
  0.48265559E+00 -0.40623759E+01
  0.49362504E+00 -0.40530477E+01
  0.50459448E+00 -0.40447226E+01
  0.51556393E+00 -0.40374201E+01
  0.52653337E+00 -0.40311834E+01
  0.53750282E+00 -0.40260889E+01
  0.54847226E+00 -0.40222515E+01
  0.55944171E+00 -0.40198239E+01
  0.57041115E+00 -0.40189868E+01
  0.58138060E+00 -0.40199342E+01
  0.59235005E+00 -0.40228527E+01
  0.60331949E+00 -0.40279004E+01
  0.61428894E+00 -0.40351873E+01
  0.62525838E+00 -0.40447620E+01
  0.63622783E+00 -0.40566063E+01
  0.64719727E+00 -0.40706404E+01
  0.65816672E+00 -0.40867378E+01
  0.66913616E+00 -0.41047489E+01
  0.68010561E+00 -0.41245272E+01
  0.69107505E+00 -0.41459551E+01
  0.70204450E+00 -0.41689623E+01
  0.71301394E+00 -0.41935327E+01
  0.72398339E+00 -0.42196985E+01
  0.73495283E+00 -0.42475236E+01
  0.74592228E+00 -0.42770775E+01
  0.75689172E+00 -0.43084087E+01
  0.76786117E+00 -0.43415194E+01
  0.77883061E+00 -0.43763487E+01
  0.78980006E+00 -0.44127666E+01
  0.80076951E+00 -0.44505786E+01
  0.81173895E+00 -0.44895431E+01
  0.82270840E+00 -0.45293961E+01
  0.83367784E+00 -0.45698807E+01
  0.84464729E+00 -0.46107746E+01
  0.85561673E+00 -0.46519113E+01
  0.86658618E+00 -0.46931909E+01
  0.87755562E+00 -0.47345802E+01
  0.88852507E+00 -0.47761009E+01
  0.89949451E+00 -0.48178109E+01
  0.91046396E+00 -0.48597812E+01
  0.92143340E+00 -0.49020719E+01
  0.93240285E+00 -0.49447113E+01
  0.94337229E+00 -0.49876792E+01
  0.95434174E+00 -0.50308960E+01
  0.96531118E+00 -0.50742180E+01
  0.97628063E+00 -0.51174394E+01
  0.98725008E+00 -0.51602988E+01
  0.99821952E+00 -0.52024856E+01
  0.10091890E+01 -0.52436017E+01
  0.10201584E+01 -0.52801972E+01
  0.10311279E+01 -0.52848342E+01
  0.10420973E+01 -0.52852360E+01
  0.10530667E+01 -0.52840633E+01
  0.10640362E+01 -0.52816586E+01
  0.10750056E+01 -0.52784386E+01
  0.10859751E+01 -0.52748755E+01
  0.10969445E+01 -0.52714263E+01
  0.11079140E+01 -0.52684605E+01
  0.11188834E+01 -0.52662063E+01
  0.11298529E+01 -0.52647258E+01
  0.11408223E+01 -0.52639223E+01
  0.11517918E+01 -0.52635768E+01
  0.11627612E+01 -0.52634055E+01
  0.11737306E+01 -0.52631248E+01
  0.11847001E+01 -0.52625127E+01
  0.11956695E+01 -0.52614541E+01
  0.12066390E+01 -0.52599630E+01
  0.12176084E+01 -0.52581767E+01
  0.12285779E+01 -0.52563225E+01
  0.12395473E+01 -0.52546652E+01
  0.12505168E+01 -0.52534456E+01
  0.12614862E+01 -0.52528275E+01
  0.12724557E+01 -0.52528635E+01
  0.12834251E+01 -0.52534875E+01
  0.12943945E+01 -0.52545303E+01
  0.13053640E+01 -0.52557554E+01
  0.13163334E+01 -0.52569034E+01
  0.13273029E+01 -0.52579498E+01
  0.13382723E+01 -0.52589204E+01
  0.13492418E+01 -0.52596416E+01
  0.13602112E+01 -0.52599995E+01
  0.13711807E+01 -0.52599536E+01
  0.13821501E+01 -0.52595344E+01
  0.13931196E+01 -0.52588277E+01
  0.14040890E+01 -0.52579518E+01
  0.14150584E+01 -0.52570335E+01
  0.14260279E+01 -0.52561880E+01
  0.14369973E+01 -0.52555036E+01
  0.14479668E+01 -0.52550292E+01
  0.14589362E+01 -0.52547657E+01
  0.14699057E+01 -0.52546630E+01
  0.14808751E+01 -0.52546238E+01
  0.14918446E+01 -0.52545151E+01
  0.15028140E+01 -0.52541860E+01
  0.15137834E+01 -0.52534836E+01
  0.15247529E+01 -0.52522419E+01
  0.15357223E+01 -0.52490134E+01
  0.15466918E+01 -0.52046705E+01
  0.15576612E+01 -0.51531613E+01
  0.15686307E+01 -0.51000907E+01
  0.15796001E+01 -0.50452965E+01
  0.15905696E+01 -0.49885058E+01
  0.16015390E+01 -0.49294885E+01
  0.16125085E+01 -0.48681560E+01
  0.16234779E+01 -0.48046229E+01
  0.16344473E+01 -0.47392257E+01
  0.16454168E+01 -0.46724936E+01
  0.16563862E+01 -0.46050824E+01
  0.16673557E+01 -0.45376822E+01
  0.16783251E+01 -0.44709212E+01
  0.16892946E+01 -0.44052811E+01
  0.17002640E+01 -0.43410405E+01
  0.17112335E+01 -0.42782544E+01
  0.17222029E+01 -0.42167800E+01
  0.17331724E+01 -0.41566124E+01
  0.17441418E+01 -0.41375828E+01
  0.17551112E+01 -0.41350599E+01
  0.17660807E+01 -0.41334167E+01
  0.17770501E+01 -0.41326891E+01
  0.17880196E+01 -0.41328458E+01
  0.17989890E+01 -0.41337467E+01
  0.18099585E+01 -0.41351734E+01
  0.18209279E+01 -0.41368781E+01
  0.18318974E+01 -0.41386332E+01
  0.18428668E+01 -0.41402685E+01
  0.18538363E+01 -0.41416887E+01
  0.18648057E+01 -0.41428707E+01
  0.18757751E+01 -0.41438467E+01
  0.18867446E+01 -0.41446811E+01
  0.18977140E+01 -0.41454463E+01
  0.19086835E+01 -0.41462009E+01
  0.19196529E+01 -0.41469735E+01
  0.19306224E+01 -0.41477526E+01
  0.19415918E+01 -0.41484862E+01
  0.19525613E+01 -0.41490940E+01
  0.19635307E+01 -0.41494901E+01
  0.19745002E+01 -0.41496098E+01
  0.19854615E+01 -0.41497761E+01
  0.19964228E+01 -0.41501373E+01
  0.20073842E+01 -0.41505516E+01
  0.20183455E+01 -0.41508226E+01
  0.20293068E+01 -0.41507417E+01
  0.20402682E+01 -0.41501354E+01
  0.20512295E+01 -0.41489069E+01
  0.20621909E+01 -0.41470618E+01
  0.20731522E+01 -0.41447118E+01
  0.20841135E+01 -0.41420535E+01
  0.20950749E+01 -0.41393271E+01
  0.21060362E+01 -0.41367646E+01
  0.21169976E+01 -0.41345374E+01
  0.21279589E+01 -0.41327171E+01
  0.21389202E+01 -0.41312552E+01
  0.21498816E+01 -0.41299872E+01
  0.21608429E+01 -0.41286590E+01
  0.21718043E+01 -0.41269713E+01
  0.21827656E+01 -0.41246328E+01
  0.21937269E+01 -0.41214124E+01
  0.22046883E+01 -0.41171791E+01
  0.22156496E+01 -0.41119221E+01
  0.22266110E+01 -0.41057451E+01
  0.22375723E+01 -0.40988373E+01
  0.22485336E+01 -0.40914262E+01
  0.22594950E+01 -0.40837248E+01
  0.22704563E+01 -0.40758845E+01
  0.22814177E+01 -0.40679623E+01
  0.22923790E+01 -0.40599092E+01
  0.23033403E+01 -0.40515798E+01
  0.23143017E+01 -0.40427618E+01
  0.23252630E+01 -0.40332186E+01
  0.23362244E+01 -0.40227405E+01
  0.23471857E+01 -0.40111947E+01
  0.23581470E+01 -0.39985644E+01
  0.23691084E+01 -0.39849667E+01
  0.23800697E+01 -0.39706414E+01
  0.23910311E+01 -0.39559092E+01
  0.24019924E+01 -0.39411070E+01
  0.24129537E+01 -0.39265144E+01
  0.24239151E+01 -0.39122891E+01
  0.24348764E+01 -0.38984279E+01
  0.24458378E+01 -0.38847617E+01
  0.24567991E+01 -0.38709867E+01
  0.24677604E+01 -0.38567224E+01
  0.24787218E+01 -0.38415867E+01
  0.24896831E+01 -0.38252705E+01
  0.25006445E+01 -0.38076002E+01
  0.25116058E+01 -0.37885759E+01
  0.25225671E+01 -0.37683812E+01
  0.25335285E+01 -0.37733598E+01
  0.25444898E+01 -0.37984999E+01
  0.25554512E+01 -0.38235469E+01
  0.25664125E+01 -0.38481607E+01
  0.25773738E+01 -0.38720982E+01
  0.25883352E+01 -0.38952352E+01
  0.25992965E+01 -0.39175675E+01
  0.26102579E+01 -0.39391932E+01
  0.26212192E+01 -0.39602810E+01
  0.26321805E+01 -0.39810298E+01
  0.26431419E+01 -0.40016299E+01
  0.26541032E+01 -0.40222294E+01
  0.26650646E+01 -0.40429127E+01
  0.26760259E+01 -0.40636917E+01
  0.26869872E+01 -0.40845028E+01
  0.26979486E+01 -0.40744084E+01
  0.27089099E+01 -0.40523958E+01
  0.27198713E+01 -0.40296858E+01
  0.27308326E+01 -0.40062183E+01
  0.27417939E+01 -0.39820031E+01
  0.27527553E+01 -0.39571244E+01
  0.27637166E+01 -0.39317319E+01
  0.27746780E+01 -0.39060216E+01
  0.27856393E+01 -0.38802083E+01
  0.27966006E+01 -0.38544962E+01
  0.28075620E+01 -0.38290520E+01
  0.28185233E+01 -0.38039861E+01
  0.28294847E+01 -0.37793451E+01
  0.28404460E+01 -0.37551158E+01
  0.28514073E+01 -0.37312421E+01
  0.28623687E+01 -0.37076499E+01
  0.28733300E+01 -0.36842774E+01
  0.28842914E+01 -0.36611028E+01
  0.28952527E+01 -0.36381654E+01
  0.29062140E+01 -0.36155735E+01
  0.29171754E+01 -0.35934983E+01
  0.29281367E+01 -0.35721550E+01
  0.29390981E+01 -0.35517733E+01
  0.29500594E+01 -0.35325652E+01
  0.29610207E+01 -0.35146956E+01
  0.29719821E+01 -0.34982618E+01
  0.29829434E+01 -0.34832863E+01
  0.29939048E+01 -0.34697233E+01
  0.30048661E+01 -0.34574764E+01
  0.30158274E+01 -0.34475352E+01
  0.30267888E+01 -0.34531908E+01
  0.30377501E+01 -0.34553758E+01
  0.30487115E+01 -0.34527161E+01
  0.30596728E+01 -0.34448596E+01
  0.30706341E+01 -0.34328851E+01
  0.30815955E+01 -0.34191206E+01
  0.30925568E+01 -0.34064708E+01
  0.31035182E+01 -0.33976306E+01
  0.31144795E+01 -0.33944630E+01
  
  0.00000000E+00 -0.33944630E+01
  0.10969445E-01 -0.33952341E+01
  0.21938891E-01 -0.33975315E+01
  0.32908336E-01 -0.34013098E+01
  0.43877781E-01 -0.34065009E+01
  0.54847226E-01 -0.34130231E+01
  0.65816672E-01 -0.34207868E+01
  0.76786117E-01 -0.34296757E+01
  0.87755562E-01 -0.34392207E+01
  0.98725008E-01 -0.34404439E+01
  0.10969445E+00 -0.34318741E+01
  0.12066390E+00 -0.34224912E+01
  0.13163334E+00 -0.34135212E+01
  0.14260279E+00 -0.34052549E+01
  0.15357223E+00 -0.33975587E+01
  0.16454168E+00 -0.33901273E+01
  0.17551112E+00 -0.33826448E+01
  0.18648057E+00 -0.33748511E+01
  0.19745002E+00 -0.33665507E+01
  0.20841946E+00 -0.33576124E+01
  0.21938891E+00 -0.33479927E+01
  0.23035835E+00 -0.33377777E+01
  0.24132780E+00 -0.33272156E+01
  0.25229724E+00 -0.33167071E+01
  0.26326669E+00 -0.33067459E+01
  0.27423613E+00 -0.32978217E+01
  0.28520558E+00 -0.32903160E+01
  0.29617502E+00 -0.32844232E+01
  0.30714447E+00 -0.32801185E+01
  0.31811391E+00 -0.32771769E+01
  0.32908336E+00 -0.32752323E+01
  0.34005280E+00 -0.32738559E+01
  0.35102225E+00 -0.32726338E+01
  0.36199169E+00 -0.32712309E+01
  0.37296114E+00 -0.32694363E+01
  0.38393058E+00 -0.32671902E+01
  0.39490003E+00 -0.32645905E+01
  0.40586948E+00 -0.32618766E+01
  0.41683892E+00 -0.32593892E+01
  0.42780837E+00 -0.32575105E+01
  0.43877781E+00 -0.32565935E+01
  0.44974726E+00 -0.32568957E+01
  0.46071670E+00 -0.32585312E+01
  0.47168615E+00 -0.32614527E+01
  0.48265559E+00 -0.32654658E+01
  0.49362504E+00 -0.32702713E+01
  0.50459448E+00 -0.32755251E+01
  0.51556393E+00 -0.32809030E+01
  0.52653337E+00 -0.32861591E+01
  0.53750282E+00 -0.32911693E+01
  0.54847226E+00 -0.32959533E+01
  0.55944171E+00 -0.33006743E+01
  0.57041115E+00 -0.33056166E+01
  0.58138060E+00 -0.33111424E+01
  0.59235005E+00 -0.33176358E+01
  0.60331949E+00 -0.33254405E+01
  0.61428894E+00 -0.33348019E+01
  0.62525838E+00 -0.33458256E+01
  0.63622783E+00 -0.33584582E+01
  0.64719727E+00 -0.33724956E+01
  0.65816672E+00 -0.33876162E+01
  0.66913616E+00 -0.34034310E+01
  0.68010561E+00 -0.34195421E+01
  0.69107505E+00 -0.34355982E+01
  0.70204450E+00 -0.34513410E+01
  0.71301394E+00 -0.34666355E+01
  0.72398339E+00 -0.34814830E+01
  0.73495283E+00 -0.34960160E+01
  0.74592228E+00 -0.35104742E+01
  0.75689172E+00 -0.35251659E+01
  0.76786117E+00 -0.35404190E+01
  0.77883061E+00 -0.35565299E+01
  0.78980006E+00 -0.35737191E+01
  0.80076951E+00 -0.35921015E+01
  0.81173895E+00 -0.36116754E+01
  0.82270840E+00 -0.36323308E+01
  0.83367784E+00 -0.36538738E+01
  0.84464729E+00 -0.36760609E+01
  0.85561673E+00 -0.36986357E+01
  0.86658618E+00 -0.37213639E+01
  0.87755562E+00 -0.37440602E+01
  0.88852507E+00 -0.37666055E+01
  0.89949451E+00 -0.37889530E+01
  0.91046396E+00 -0.38111217E+01
  0.92143340E+00 -0.38331803E+01
  0.93240285E+00 -0.38552226E+01
  0.94337229E+00 -0.38773399E+01
  0.95434174E+00 -0.38995945E+01
  0.96531118E+00 -0.39219979E+01
  0.97628063E+00 -0.39444992E+01
  0.98725008E+00 -0.39669821E+01
  0.99821952E+00 -0.39892735E+01
  0.10091890E+01 -0.40111624E+01
  0.10201584E+01 -0.40324262E+01
  0.10311279E+01 -0.40528638E+01
  0.10420973E+01 -0.40723284E+01
  0.10530667E+01 -0.40907572E+01
  0.10640362E+01 -0.41081877E+01
  0.10750056E+01 -0.41247552E+01
  0.10859751E+01 -0.41406688E+01
  0.10969445E+01 -0.41561660E+01
  0.11079140E+01 -0.41714584E+01
  0.11188834E+01 -0.41866804E+01
  0.11298529E+01 -0.42018562E+01
  0.11408223E+01 -0.42168915E+01
  0.11517918E+01 -0.42315898E+01
  0.11627612E+01 -0.42456856E+01
  0.11737306E+01 -0.42588829E+01
  0.11847001E+01 -0.42708935E+01
  0.11956695E+01 -0.42814698E+01
  0.12066390E+01 -0.42904349E+01
  0.12176084E+01 -0.42977089E+01
  0.12285779E+01 -0.43033275E+01
  0.12395473E+01 -0.43074478E+01
  0.12505168E+01 -0.43103301E+01
  0.12614862E+01 -0.43122947E+01
  0.12724557E+01 -0.43136589E+01
  0.12834251E+01 -0.43146715E+01
  0.12943945E+01 -0.43154627E+01
  0.13053640E+01 -0.43160241E+01
  0.13163334E+01 -0.43162231E+01
  0.13273029E+01 -0.43158411E+01
  0.13382723E+01 -0.43146609E+01
  0.13492418E+01 -0.43124965E+01
  0.13602112E+01 -0.43092478E+01
  0.13711807E+01 -0.43049260E+01
  0.13821501E+01 -0.42996645E+01
  0.13931196E+01 -0.42937133E+01
  0.14040890E+01 -0.42874137E+01
  0.14150584E+01 -0.42811499E+01
  0.14260279E+01 -0.42752816E+01
  0.14369973E+01 -0.42700712E+01
  0.14479668E+01 -0.42656223E+01
  0.14589362E+01 -0.42618486E+01
  0.14699057E+01 -0.42584839E+01
  0.14808751E+01 -0.42551309E+01
  0.14918446E+01 -0.42513380E+01
  0.15028140E+01 -0.42466861E+01
  0.15137834E+01 -0.42408674E+01
  0.15247529E+01 -0.42337430E+01
  0.15357223E+01 -0.42253712E+01
  0.15466918E+01 -0.42160067E+01
  0.15576612E+01 -0.42060694E+01
  0.15686307E+01 -0.41960883E+01
  0.15796001E+01 -0.41866252E+01
  0.15905696E+01 -0.41781881E+01
  0.16015390E+01 -0.41711518E+01
  0.16125085E+01 -0.41656991E+01
  0.16234779E+01 -0.41617976E+01
  0.16344473E+01 -0.41592168E+01
  0.16454168E+01 -0.41575812E+01
  0.16563862E+01 -0.41564457E+01
  0.16673557E+01 -0.41553774E+01
  0.16783251E+01 -0.41540250E+01
  0.16892946E+01 -0.41521661E+01
  0.17002640E+01 -0.41497278E+01
  0.17112335E+01 -0.41467791E+01
  0.17222029E+01 -0.41434936E+01
  0.17331724E+01 -0.41398206E+01
  0.17441418E+01 -0.40958073E+01
  0.17551112E+01 -0.40359308E+01
  0.17660807E+01 -0.39756704E+01
  0.17770501E+01 -0.39148893E+01
  0.17880196E+01 -0.38536028E+01
  0.17989890E+01 -0.37920485E+01
  0.18099585E+01 -0.37306702E+01
  0.18209279E+01 -0.36700622E+01
  0.18318974E+01 -0.36108905E+01
  0.18428668E+01 -0.35538076E+01
  0.18538363E+01 -0.34993781E+01
  0.18648057E+01 -0.34480297E+01
  0.18757751E+01 -0.34000391E+01
  0.18867446E+01 -0.33555547E+01
  0.18977140E+01 -0.33146546E+01
  0.19086835E+01 -0.32774301E+01
  0.19196529E+01 -0.32440834E+01
  0.19306224E+01 -0.32150179E+01
  0.19415918E+01 -0.31908919E+01
  0.19525613E+01 -0.31725916E+01
  0.19635307E+01 -0.31610827E+01
  0.19745002E+01 -0.31571420E+01
  0.19854615E+01 -0.31573238E+01
  0.19964228E+01 -0.31578694E+01
  0.20073842E+01 -0.31588182E+01
  0.20183455E+01 -0.31602226E+01
  0.20293068E+01 -0.31621328E+01
  0.20402682E+01 -0.31645810E+01
  0.20512295E+01 -0.31675719E+01
  0.20621909E+01 -0.31710806E+01
  0.20731522E+01 -0.31750600E+01
  0.20841135E+01 -0.31794547E+01
  0.20950749E+01 -0.31842198E+01
  0.21060362E+01 -0.31893383E+01
  0.21169976E+01 -0.31948333E+01
  0.21279589E+01 -0.32007685E+01
  0.21389202E+01 -0.32072385E+01
  0.21498816E+01 -0.32143461E+01
  0.21608429E+01 -0.32221749E+01
  0.21718043E+01 -0.32307621E+01
  0.21827656E+01 -0.32400798E+01
  0.21937269E+01 -0.32500307E+01
  0.22046883E+01 -0.32604605E+01
  0.22156496E+01 -0.32711860E+01
  0.22266110E+01 -0.32820340E+01
  0.22375723E+01 -0.32928831E+01
  0.22485336E+01 -0.33036989E+01
  0.22594950E+01 -0.33145555E+01
  0.22704563E+01 -0.33256356E+01
  0.22814177E+01 -0.33372081E+01
  0.22923790E+01 -0.33495866E+01
  0.23033403E+01 -0.33630750E+01
  0.23143017E+01 -0.33779104E+01
  0.23252630E+01 -0.33942138E+01
  0.23362244E+01 -0.34119581E+01
  0.23471857E+01 -0.34309596E+01
  0.23581470E+01 -0.34508972E+01
  0.23691084E+01 -0.34713567E+01
  0.23800697E+01 -0.34918942E+01
  0.23910311E+01 -0.35121068E+01
  0.24019924E+01 -0.35316984E+01
  0.24129537E+01 -0.35505282E+01
  0.24239151E+01 -0.35686330E+01
  0.24348764E+01 -0.35862182E+01
  0.24458378E+01 -0.36036222E+01
  0.24567991E+01 -0.36212576E+01
  0.24677604E+01 -0.36395429E+01
  0.24787218E+01 -0.36588348E+01
  0.24896831E+01 -0.36793720E+01
  0.25006445E+01 -0.37012403E+01
  0.25116058E+01 -0.37243620E+01
  0.25225671E+01 -0.37485099E+01
  0.25335285E+01 -0.37473440E+01
  0.25444898E+01 -0.37259277E+01
  0.25554512E+01 -0.37046020E+01
  0.25664125E+01 -0.36838055E+01
  0.25773738E+01 -0.36638656E+01
  0.25883352E+01 -0.36449537E+01
  0.25992965E+01 -0.36270709E+01
  0.26102579E+01 -0.36100659E+01
  0.26212192E+01 -0.35936824E+01
  0.26321805E+01 -0.35776244E+01
  0.26431419E+01 -0.35616267E+01
  0.26541032E+01 -0.35455165E+01
  0.26650646E+01 -0.35292537E+01
  0.26760259E+01 -0.35129407E+01
  0.26869872E+01 -0.34968021E+01
  0.26979486E+01 -0.34811369E+01
  0.27089099E+01 -0.34662577E+01
  0.27198713E+01 -0.34524286E+01
  0.27308326E+01 -0.34398175E+01
  0.27417939E+01 -0.34284716E+01
  0.27527553E+01 -0.34183212E+01
  0.27637166E+01 -0.34092086E+01
  0.27746780E+01 -0.34009370E+01
  0.27856393E+01 -0.33933280E+01
  0.27966006E+01 -0.33862752E+01
  0.28075620E+01 -0.33797799E+01
  0.28185233E+01 -0.33739601E+01
  0.28294847E+01 -0.33690280E+01
  0.28404460E+01 -0.33652433E+01
  0.28514073E+01 -0.33628544E+01
  0.28623687E+01 -0.33620434E+01
  0.28733300E+01 -0.33628881E+01
  0.28842914E+01 -0.33653486E+01
  0.28952527E+01 -0.33692765E+01
  0.29062140E+01 -0.33744381E+01
  0.29171754E+01 -0.33805431E+01
  0.29281367E+01 -0.33872782E+01
  0.29390981E+01 -0.33943520E+01
  0.29500594E+01 -0.34015528E+01
  0.29610207E+01 -0.34088021E+01
  0.29719821E+01 -0.34161702E+01
  0.29829434E+01 -0.34238125E+01
  0.29939048E+01 -0.34318118E+01
  0.30048661E+01 -0.34399513E+01
  0.30158274E+01 -0.34463932E+01
  0.30267888E+01 -0.34364329E+01
  0.30377501E+01 -0.34274268E+01
  0.30487115E+01 -0.34193543E+01
  0.30596728E+01 -0.34122318E+01
  0.30706341E+01 -0.34061336E+01
  0.30815955E+01 -0.34011778E+01
  0.30925568E+01 -0.33975018E+01
  0.31035182E+01 -0.33952334E+01
  0.31144795E+01 -0.33944630E+01
  
  0.00000000E+00 -0.18324097E+01
  0.10969445E-01 -0.18324115E+01
  0.21938891E-01 -0.18324064E+01
  0.32908336E-01 -0.18324475E+01
  0.43877781E-01 -0.18326188E+01
  0.54847226E-01 -0.18330240E+01
  0.65816672E-01 -0.18337719E+01
  0.76786117E-01 -0.18349590E+01
  0.87755562E-01 -0.18366533E+01
  0.98725008E-01 -0.18388843E+01
  0.10969445E+00 -0.18416397E+01
  0.12066390E+00 -0.18448724E+01
  0.13163334E+00 -0.18485130E+01
  0.14260279E+00 -0.18524872E+01
  0.15357223E+00 -0.18567323E+01
  0.16454168E+00 -0.18612119E+01
  0.17551112E+00 -0.18659261E+01
  0.18648057E+00 -0.18709160E+01
  0.19745002E+00 -0.18762635E+01
  0.20841946E+00 -0.18820853E+01
  0.21938891E+00 -0.18885205E+01
  0.23035835E+00 -0.18957141E+01
  0.24132780E+00 -0.19037977E+01
  0.25229724E+00 -0.19128716E+01
  0.26326669E+00 -0.19229906E+01
  0.27423613E+00 -0.19341583E+01
  0.28520558E+00 -0.19463288E+01
  0.29617502E+00 -0.19594164E+01
  0.30714447E+00 -0.19733113E+01
  0.31811391E+00 -0.19878985E+01
  0.32908336E+00 -0.20030774E+01
  0.34005280E+00 -0.20187784E+01
  0.35102225E+00 -0.20349753E+01
  0.36199169E+00 -0.20516893E+01
  0.37296114E+00 -0.20689840E+01
  0.38393058E+00 -0.20869523E+01
  0.39490003E+00 -0.21056958E+01
  0.40586948E+00 -0.21253029E+01
  0.41683892E+00 -0.21458271E+01
  0.42780837E+00 -0.21672696E+01
  0.43877781E+00 -0.21895689E+01
  0.44974726E+00 -0.22125974E+01
  0.46071670E+00 -0.22361675E+01
  0.47168615E+00 -0.22600457E+01
  0.48265559E+00 -0.22839731E+01
  0.49362504E+00 -0.23076904E+01
  0.50459448E+00 -0.23309605E+01
  0.51556393E+00 -0.23535865E+01
  0.52653337E+00 -0.23754214E+01
  0.53750282E+00 -0.23963685E+01
  0.54847226E+00 -0.24163733E+01
  0.55944171E+00 -0.24354094E+01
  0.57041115E+00 -0.24534623E+01
  0.58138060E+00 -0.24705129E+01
  0.59235005E+00 -0.24865255E+01
  0.60331949E+00 -0.25014418E+01
  0.61428894E+00 -0.25151819E+01
  0.62525838E+00 -0.25276530E+01
  0.63622783E+00 -0.25387614E+01
  0.64719727E+00 -0.25484276E+01
  0.65816672E+00 -0.25565973E+01
  0.66913616E+00 -0.25632479E+01
  0.68010561E+00 -0.25683879E+01
  0.69107505E+00 -0.25720518E+01
  0.70204450E+00 -0.25742911E+01
  0.71301394E+00 -0.25751641E+01
  0.72398339E+00 -0.25747274E+01
  0.73495283E+00 -0.25730295E+01
  0.74592228E+00 -0.25701076E+01
  0.75689172E+00 -0.25659880E+01
  0.76786117E+00 -0.25606893E+01
  0.77883061E+00 -0.25542276E+01
  0.78980006E+00 -0.25466218E+01
  0.80076951E+00 -0.25378972E+01
  0.81173895E+00 -0.25280876E+01
  0.82270840E+00 -0.25172337E+01
  0.83367784E+00 -0.25053785E+01
  0.84464729E+00 -0.24925628E+01
  0.85561673E+00 -0.24788187E+01
  0.86658618E+00 -0.24641667E+01
  0.87755562E+00 -0.24486141E+01
  0.88852507E+00 -0.24321566E+01
  0.89949451E+00 -0.24147828E+01
  0.91046396E+00 -0.23964801E+01
  0.92143340E+00 -0.23772413E+01
  0.93240285E+00 -0.23570710E+01
  0.94337229E+00 -0.23359912E+01
  0.95434174E+00 -0.23140438E+01
  0.96531118E+00 -0.22912904E+01
  0.97628063E+00 -0.22678092E+01
  0.98725008E+00 -0.22436885E+01
  0.99821952E+00 -0.22190191E+01
  0.10091890E+01 -0.21938863E+01
  0.10201584E+01 -0.21683633E+01
  0.10311279E+01 -0.21425081E+01
  0.10420973E+01 -0.21163634E+01
  0.10530667E+01 -0.20899606E+01
  0.10640362E+01 -0.20633266E+01
  0.10750056E+01 -0.20364927E+01
  0.10859751E+01 -0.20095038E+01
  0.10969445E+01 -0.19824267E+01
  0.11079140E+01 -0.19553565E+01
  0.11188834E+01 -0.19284191E+01
  0.11298529E+01 -0.19017707E+01
  0.11408223E+01 -0.18755916E+01
  0.11517918E+01 -0.18500777E+01
  0.11627612E+01 -0.18254282E+01
  0.11737306E+01 -0.18018338E+01
  0.11847001E+01 -0.17794657E+01
  0.11956695E+01 -0.17584680E+01
  0.12066390E+01 -0.17389541E+01
  0.12176084E+01 -0.17210078E+01
  0.12285779E+01 -0.17046887E+01
  0.12395473E+01 -0.16900407E+01
  0.12505168E+01 -0.16771026E+01
  0.12614862E+01 -0.16659179E+01
  0.12724557E+01 -0.16565424E+01
  0.12834251E+01 -0.16490465E+01
  0.12943945E+01 -0.16435115E+01
  0.13053640E+01 -0.16400188E+01
  0.13163334E+01 -0.16386351E+01
  0.13273029E+01 -0.16393448E+01
  0.13382723E+01 -0.16420938E+01
  0.13492418E+01 -0.16468394E+01
  0.13602112E+01 -0.16534967E+01
  0.13711807E+01 -0.16619427E+01
  0.13821501E+01 -0.16720256E+01
  0.13931196E+01 -0.16835790E+01
  0.14040890E+01 -0.16964359E+01
  0.14150584E+01 -0.17104405E+01
  0.14260279E+01 -0.17254564E+01
  0.14369973E+01 -0.17413681E+01
  0.14479668E+01 -0.17580774E+01
  0.14589362E+01 -0.17754957E+01
  0.14699057E+01 -0.17935328E+01
  0.14808751E+01 -0.18120875E+01
  0.14918446E+01 -0.18310410E+01
  0.15028140E+01 -0.18502579E+01
  0.15137834E+01 -0.18695928E+01
  0.15247529E+01 -0.18889037E+01
  0.15357223E+01 -0.19080679E+01
  0.15466918E+01 -0.19269976E+01
  0.15576612E+01 -0.19456501E+01
  0.15686307E+01 -0.19640320E+01
  0.15796001E+01 -0.19821942E+01
  0.15905696E+01 -0.20002199E+01
  0.16015390E+01 -0.20182062E+01
  0.16125085E+01 -0.20362426E+01
  0.16234779E+01 -0.20543911E+01
  0.16344473E+01 -0.20726703E+01
  0.16454168E+01 -0.20910488E+01
  0.16563862E+01 -0.21094488E+01
  0.16673557E+01 -0.21277618E+01
  0.16783251E+01 -0.21458728E+01
  0.16892946E+01 -0.21636885E+01
  0.17002640E+01 -0.21811639E+01
  0.17112335E+01 -0.21983218E+01
  0.17222029E+01 -0.22152601E+01
  0.17331724E+01 -0.22321449E+01
  0.17441418E+01 -0.22491906E+01
  0.17551112E+01 -0.22666298E+01
  0.17660807E+01 -0.22846771E+01
  0.17770501E+01 -0.23034943E+01
  0.17880196E+01 -0.23231631E+01
  0.17989890E+01 -0.23436699E+01
  0.18099585E+01 -0.23649077E+01
  0.18209279E+01 -0.23866937E+01
  0.18318974E+01 -0.24088008E+01
  0.18428668E+01 -0.24309951E+01
  0.18538363E+01 -0.24530704E+01
  0.18648057E+01 -0.24748718E+01
  0.18757751E+01 -0.24962999E+01
  0.18867446E+01 -0.25172914E+01
  0.18977140E+01 -0.25377748E+01
  0.19086835E+01 -0.25576068E+01
  0.19196529E+01 -0.25764950E+01
  0.19306224E+01 -0.25939286E+01
  0.19415918E+01 -0.26091410E+01
  0.19525613E+01 -0.26211501E+01
  0.19635307E+01 -0.26289162E+01
  0.19745002E+01 -0.26316159E+01
  0.19854615E+01 -0.26321740E+01
  0.19964228E+01 -0.26338629E+01
  0.20073842E+01 -0.26366291E+01
  0.20183455E+01 -0.26403975E+01
  0.20293068E+01 -0.26450897E+01
  0.20402682E+01 -0.26506395E+01
  0.20512295E+01 -0.26570019E+01
  0.20621909E+01 -0.26641521E+01
  0.20731522E+01 -0.26720753E+01
  0.20841135E+01 -0.26807510E+01
  0.20950749E+01 -0.26901344E+01
  0.21060362E+01 -0.27001429E+01
  0.21169976E+01 -0.27106501E+01
  0.21279589E+01 -0.27214925E+01
  0.21389202E+01 -0.27324864E+01
  0.21498816E+01 -0.27434525E+01
  0.21608429E+01 -0.27542408E+01
  0.21718043E+01 -0.27647475E+01
  0.21827656E+01 -0.27749201E+01
  0.21937269E+01 -0.27847480E+01
  0.22046883E+01 -0.27942412E+01
  0.22156496E+01 -0.28034022E+01
  0.22266110E+01 -0.28121976E+01
  0.22375723E+01 -0.28205371E+01
  0.22485336E+01 -0.28282666E+01
  0.22594950E+01 -0.28351773E+01
  0.22704563E+01 -0.28410314E+01
  0.22814177E+01 -0.28455978E+01
  0.22923790E+01 -0.28486869E+01
  0.23033403E+01 -0.28501765E+01
  0.23143017E+01 -0.28500207E+01
  0.23252630E+01 -0.28482419E+01
  0.23362244E+01 -0.28449110E+01
  0.23471857E+01 -0.28401201E+01
  0.23581470E+01 -0.28339554E+01
  0.23691084E+01 -0.28264752E+01
  0.23800697E+01 -0.28176964E+01
  0.23910311E+01 -0.28075930E+01
  0.24019924E+01 -0.27961064E+01
  0.24129537E+01 -0.27831661E+01
  0.24239151E+01 -0.27687152E+01
  0.24348764E+01 -0.27527345E+01
  0.24458378E+01 -0.27352580E+01
  0.24567991E+01 -0.27163757E+01
  0.24677604E+01 -0.26962241E+01
  0.24787218E+01 -0.26749673E+01
  0.24896831E+01 -0.26527744E+01
  0.25006445E+01 -0.26297987E+01
  0.25116058E+01 -0.26061631E+01
  0.25225671E+01 -0.25819537E+01
  0.25335285E+01 -0.25572214E+01
  0.25444898E+01 -0.25319915E+01
  0.25554512E+01 -0.25062764E+01
  0.25664125E+01 -0.24800907E+01
  0.25773738E+01 -0.24534652E+01
  0.25883352E+01 -0.24264569E+01
  0.25992965E+01 -0.23991549E+01
  0.26102579E+01 -0.23716802E+01
  0.26212192E+01 -0.23441808E+01
  0.26321805E+01 -0.23168229E+01
  0.26431419E+01 -0.22897788E+01
  0.26541032E+01 -0.22632135E+01
  0.26650646E+01 -0.22372726E+01
  0.26760259E+01 -0.22120713E+01
  0.26869872E+01 -0.21876889E+01
  0.26979486E+01 -0.21641683E+01
  0.27089099E+01 -0.21415209E+01
  0.27198713E+01 -0.21197363E+01
  0.27308326E+01 -0.20987944E+01
  0.27417939E+01 -0.20786783E+01
  0.27527553E+01 -0.20593842E+01
  0.27637166E+01 -0.20409273E+01
  0.27746780E+01 -0.20233417E+01
  0.27856393E+01 -0.20066748E+01
  0.27966006E+01 -0.19909775E+01
  0.28075620E+01 -0.19762917E+01
  0.28185233E+01 -0.19626383E+01
  0.28294847E+01 -0.19500091E+01
  0.28404460E+01 -0.19383633E+01
  0.28514073E+01 -0.19276314E+01
  0.28623687E+01 -0.19177241E+01
  0.28733300E+01 -0.19085455E+01
  0.28842914E+01 -0.19000069E+01
  0.28952527E+01 -0.18920396E+01
  0.29062140E+01 -0.18846031E+01
  0.29171754E+01 -0.18776873E+01
  0.29281367E+01 -0.18713082E+01
  0.29390981E+01 -0.18654986E+01
  0.29500594E+01 -0.18602943E+01
  0.29610207E+01 -0.18557202E+01
  0.29719821E+01 -0.18517782E+01
  0.29829434E+01 -0.18484408E+01
  0.29939048E+01 -0.18456506E+01
  0.30048661E+01 -0.18433267E+01
  0.30158274E+01 -0.18413757E+01
  0.30267888E+01 -0.18397050E+01
  0.30377501E+01 -0.18382363E+01
  0.30487115E+01 -0.18369156E+01
  0.30596728E+01 -0.18357186E+01
  0.30706341E+01 -0.18346511E+01
  0.30815955E+01 -0.18337429E+01
  0.30925568E+01 -0.18330380E+01
  0.31035182E+01 -0.18325819E+01
  0.31144795E+01 -0.18324097E+01
  
  0.00000000E+00  0.20331443E+01
  0.10969445E-01  0.20325974E+01
  0.21938891E-01  0.20309708E+01
  0.32908336E-01  0.20282811E+01
  0.43877781E-01  0.20245471E+01
  0.54847226E-01  0.20197859E+01
  0.65816672E-01  0.20140190E+01
  0.76786117E-01  0.20072865E+01
  0.87755562E-01  0.19996616E+01
  0.98725008E-01  0.19912568E+01
  0.10969445E+00  0.19822150E+01
  0.12066390E+00  0.19726897E+01
  0.13163334E+00  0.19628208E+01
  0.14260279E+00  0.19527155E+01
  0.15357223E+00  0.19424430E+01
  0.16454168E+00  0.19320408E+01
  0.17551112E+00  0.19215274E+01
  0.18648057E+00  0.19090148E+01
  0.19745002E+00  0.18799773E+01
  0.20841946E+00  0.18506299E+01
  0.21938891E+00  0.18211952E+01
  0.23035835E+00  0.17917812E+01
  0.24132780E+00  0.17624727E+01
  0.25229724E+00  0.17333455E+01
  0.26326669E+00  0.17044776E+01
  0.27423613E+00  0.16759522E+01
  0.28520558E+00  0.16478552E+01
  0.29617502E+00  0.16202677E+01
  0.30714447E+00  0.15932581E+01
  0.31811391E+00  0.15668768E+01
  0.32908336E+00  0.15411550E+01
  0.34005280E+00  0.15161066E+01
  0.35102225E+00  0.14917332E+01
  0.36199169E+00  0.14680281E+01
  0.37296114E+00  0.14449821E+01
  0.38393058E+00  0.14225878E+01
  0.39490003E+00  0.14008449E+01
  0.40586948E+00  0.13797639E+01
  0.41683892E+00  0.13593675E+01
  0.42780837E+00  0.13396879E+01
  0.43877781E+00  0.13207600E+01
  0.44974726E+00  0.13026110E+01
  0.46071670E+00  0.12852513E+01
  0.47168615E+00  0.12686674E+01
  0.48265559E+00  0.12528218E+01
  0.49362504E+00  0.12376590E+01
  0.50459448E+00  0.12231188E+01
  0.51556393E+00  0.12091521E+01
  0.52653337E+00  0.11957383E+01
  0.53750282E+00  0.11828993E+01
  0.54847226E+00  0.11707056E+01
  0.55944171E+00  0.11592752E+01
  0.57041115E+00  0.11487617E+01
  0.58138060E+00  0.11393364E+01
  0.59235005E+00  0.11311657E+01
  0.60331949E+00  0.11243893E+01
  0.61428894E+00  0.11191030E+01
  0.62525838E+00  0.11153488E+01
  0.63622783E+00  0.11131142E+01
  0.64719727E+00  0.11123410E+01
  0.65816672E+00  0.11129398E+01
  0.66913616E+00  0.11148103E+01
  0.68010561E+00  0.11178604E+01
  0.69107505E+00  0.11220236E+01
  0.70204450E+00  0.11272684E+01
  0.71301394E+00  0.11336017E+01
  0.72398339E+00  0.11410634E+01
  0.73495283E+00  0.11497151E+01
  0.74592228E+00  0.11596242E+01
  0.75689172E+00  0.11708477E+01
  0.76786117E+00  0.11834158E+01
  0.77883061E+00  0.11973189E+01
  0.78980006E+00  0.12124985E+01
  0.80076951E+00  0.12288441E+01
  0.81173895E+00  0.12461964E+01
  0.82270840E+00  0.12643568E+01
  0.83367784E+00  0.12831020E+01
  0.84464729E+00  0.13022014E+01
  0.85561673E+00  0.13214293E+01
  0.86658618E+00  0.13405707E+01
  0.87755562E+00  0.13594152E+01
  0.88852507E+00  0.13777408E+01
  0.89949451E+00  0.13952946E+01
  0.91046396E+00  0.14117764E+01
  0.92143340E+00  0.14268357E+01
  0.93240285E+00  0.14400849E+01
  0.94337229E+00  0.14511314E+01
  0.95434174E+00  0.14596194E+01
  0.96531118E+00  0.14652738E+01
  0.97628063E+00  0.14679317E+01
  0.98725008E+00  0.14675550E+01
  0.99821952E+00  0.14642212E+01
  0.10091890E+01  0.14580976E+01
  0.10201584E+01  0.14494076E+01
  0.10311279E+01  0.14383980E+01
  0.10420973E+01  0.14253132E+01
  0.10530667E+01  0.14103792E+01
  0.10640362E+01  0.13937957E+01
  0.10750056E+01  0.13757358E+01
  0.10859751E+01  0.13563501E+01
  0.10969445E+01  0.13357755E+01
  0.11079140E+01  0.13141473E+01
  0.11188834E+01  0.12916138E+01
  0.11298529E+01  0.12683517E+01
  0.11408223E+01  0.12445771E+01
  0.11517918E+01  0.12205514E+01
  0.11627612E+01  0.11965761E+01
  0.11737306E+01  0.11729798E+01
  0.11847001E+01  0.11500969E+01
  0.11956695E+01  0.11282444E+01
  0.12066390E+01  0.11077012E+01
  0.12176084E+01  0.10886943E+01
  0.12285779E+01  0.10713935E+01
  0.12395473E+01  0.10559147E+01
  0.12505168E+01  0.10423306E+01
  0.12614862E+01  0.10306852E+01
  0.12724557E+01  0.10210102E+01
  0.12834251E+01  0.10133405E+01
  0.12943945E+01  0.10077247E+01
  0.13053640E+01  0.10042290E+01
  0.13163334E+01  0.10029326E+01
  0.13273029E+01  0.10038690E+01
  0.13382723E+01  0.10070582E+01
  0.13492418E+01  0.10125376E+01
  0.13602112E+01  0.10202970E+01
  0.13711807E+01  0.10302642E+01
  0.13821501E+01  0.10423030E+01
  0.13931196E+01  0.10562220E+01
  0.14040890E+01  0.10717930E+01
  0.14150584E+01  0.10887738E+01
  0.14260279E+01  0.11069315E+01
  0.14369973E+01  0.11260612E+01
  0.14479668E+01  0.11459986E+01
  0.14589362E+01  0.11666253E+01
  0.14699057E+01  0.11878667E+01
  0.14808751E+01  0.12096823E+01
  0.14918446E+01  0.12320503E+01
  0.15028140E+01  0.12549485E+01
  0.15137834E+01  0.12783347E+01
  0.15247529E+01  0.13021311E+01
  0.15357223E+01  0.13262163E+01
  0.15466918E+01  0.13504277E+01
  0.15576612E+01  0.13745727E+01
  0.15686307E+01  0.13984472E+01
  0.15796001E+01  0.14218570E+01
  0.15905696E+01  0.14446371E+01
  0.16015390E+01  0.14666665E+01
  0.16125085E+01  0.14878765E+01
  0.16234779E+01  0.15082523E+01
  0.16344473E+01  0.15278261E+01
  0.16454168E+01  0.15466645E+01
  0.16563862E+01  0.15648485E+01
  0.16673557E+01  0.15824510E+01
  0.16783251E+01  0.15995133E+01
  0.16892946E+01  0.16160277E+01
  0.17002640E+01  0.16319299E+01
  0.17112335E+01  0.16471033E+01
  0.17222029E+01  0.16613962E+01
  0.17331724E+01  0.16746473E+01
  0.17441418E+01  0.16867130E+01
  0.17551112E+01  0.16974940E+01
  0.17660807E+01  0.17069527E+01
  0.17770501E+01  0.17151223E+01
  0.17880196E+01  0.17221036E+01
  0.17989890E+01  0.17280519E+01
  0.18099585E+01  0.17331542E+01
  0.18209279E+01  0.17376006E+01
  0.18318974E+01  0.17415556E+01
  0.18428668E+01  0.17451343E+01
  0.18538363E+01  0.17483907E+01
  0.18648057E+01  0.17513205E+01
  0.18757751E+01  0.17538779E+01
  0.18867446E+01  0.17560013E+01
  0.18977140E+01  0.17576423E+01
  0.19086835E+01  0.17587877E+01
  0.19196529E+01  0.17594729E+01
  0.19306224E+01  0.17597799E+01
  0.19415918E+01  0.17598249E+01
  0.19525613E+01  0.17597363E+01
  0.19635307E+01  0.17596300E+01
  0.19745002E+01  0.17595859E+01
  0.19854615E+01  0.17592481E+01
  0.19964228E+01  0.17582479E+01
  0.20073842E+01  0.17566179E+01
  0.20183455E+01  0.17544056E+01
  0.20293068E+01  0.17516648E+01
  0.20402682E+01  0.17484463E+01
  0.20512295E+01  0.17447894E+01
  0.20621909E+01  0.17407164E+01
  0.20731522E+01  0.17362313E+01
  0.20841135E+01  0.17313221E+01
  0.20950749E+01  0.17259675E+01
  0.21060362E+01  0.17201459E+01
  0.21169976E+01  0.17138443E+01
  0.21279589E+01  0.17070671E+01
  0.21389202E+01  0.16998414E+01
  0.21498816E+01  0.16922204E+01
  0.21608429E+01  0.16842833E+01
  0.21718043E+01  0.16761328E+01
  0.21827656E+01  0.16678898E+01
  0.21937269E+01  0.16596851E+01
  0.22046883E+01  0.16516485E+01
  0.22156496E+01  0.16438950E+01
  0.22266110E+01  0.16365127E+01
  0.22375723E+01  0.16295522E+01
  0.22485336E+01  0.16230229E+01
  0.22594950E+01  0.16168952E+01
  0.22704563E+01  0.16111097E+01
  0.22814177E+01  0.16055907E+01
  0.22923790E+01  0.16002620E+01
  0.23033403E+01  0.15950623E+01
  0.23143017E+01  0.15899586E+01
  0.23252630E+01  0.15849558E+01
  0.23362244E+01  0.15801045E+01
  0.23471857E+01  0.15755030E+01
  0.23581470E+01  0.15712941E+01
  0.23691084E+01  0.15676510E+01
  0.23800697E+01  0.15647447E+01
  0.23910311E+01  0.15625490E+01
  0.24019924E+01  0.15506274E+01
  0.24129537E+01  0.15317675E+01
  0.24239151E+01  0.15128645E+01
  0.24348764E+01  0.14942705E+01
  0.24458378E+01  0.14762865E+01
  0.24567991E+01  0.14591929E+01
  0.24677604E+01  0.14432185E+01
  0.24787218E+01  0.14285153E+01
  0.24896831E+01  0.14151486E+01
  0.25006445E+01  0.14031039E+01
  0.25116058E+01  0.13923062E+01
  0.25225671E+01  0.13826500E+01
  0.25335285E+01  0.13740312E+01
  0.25444898E+01  0.13663776E+01
  0.25554512E+01  0.13596704E+01
  0.25664125E+01  0.13539546E+01
  0.25773738E+01  0.13493354E+01
  0.25883352E+01  0.13459622E+01
  0.25992965E+01  0.13440022E+01
  0.26102579E+01  0.13436109E+01
  0.26212192E+01  0.13449044E+01
  0.26321805E+01  0.13479399E+01
  0.26431419E+01  0.13527078E+01
  0.26541032E+01  0.13591370E+01
  0.26650646E+01  0.13671103E+01
  0.26760259E+01  0.13764885E+01
  0.26869872E+01  0.13871379E+01
  0.26979486E+01  0.13989569E+01
  0.27089099E+01  0.14118981E+01
  0.27198713E+01  0.14259795E+01
  0.27308326E+01  0.14412830E+01
  0.27417939E+01  0.14579379E+01
  0.27527553E+01  0.14760906E+01
  0.27637166E+01  0.14958683E+01
  0.27746780E+01  0.15173421E+01
  0.27856393E+01  0.15405008E+01
  0.27966006E+01  0.15652390E+01
  0.28075620E+01  0.15913634E+01
  0.28185233E+01  0.16186144E+01
  0.28294847E+01  0.16467002E+01
  0.28404460E+01  0.16753362E+01
  0.28514073E+01  0.17042819E+01
  0.28623687E+01  0.17333666E+01
  0.28733300E+01  0.17624975E+01
  0.28842914E+01  0.17916483E+01
  0.28952527E+01  0.18208300E+01
  0.29062140E+01  0.18500518E+01
  0.29171754E+01  0.18792831E+01
  0.29281367E+01  0.19084237E+01
  0.29390981E+01  0.19262521E+01
  0.29500594E+01  0.19350767E+01
  0.29610207E+01  0.19442936E+01
  0.29719821E+01  0.19538547E+01
  0.29829434E+01  0.19636402E+01
  0.29939048E+01  0.19734523E+01
  0.30048661E+01  0.19830358E+01
  0.30158274E+01  0.19921237E+01
  0.30267888E+01  0.20004870E+01
  0.30377501E+01  0.20079706E+01
  0.30487115E+01  0.20145002E+01
  0.30596728E+01  0.20200615E+01
  0.30706341E+01  0.20246641E+01
  0.30815955E+01  0.20283078E+01
  0.30925568E+01  0.20309661E+01
  0.31035182E+01  0.20325925E+01
  0.31144795E+01  0.20331443E+01
  
  0.00000000E+00  0.20331443E+01
  0.10969445E-01  0.20339261E+01
  0.21938891E-01  0.20362672E+01
  0.32908336E-01  0.20401449E+01
  0.43877781E-01  0.20455242E+01
  0.54847226E-01  0.20523636E+01
  0.65816672E-01  0.20606215E+01
  0.76786117E-01  0.20702627E+01
  0.87755562E-01  0.20812628E+01
  0.98725008E-01  0.20936016E+01
  0.10969445E+00  0.20902030E+01
  0.12066390E+00  0.20681340E+01
  0.13163334E+00  0.20445279E+01
  0.14260279E+00  0.20195206E+01
  0.15357223E+00  0.19932719E+01
  0.16454168E+00  0.19659772E+01
  0.17551112E+00  0.19378584E+01
  0.18648057E+00  0.19110487E+01
  0.19745002E+00  0.19003167E+01
  0.20841946E+00  0.18896830E+01
  0.21938891E+00  0.18791531E+01
  0.23035835E+00  0.18688457E+01
  0.24132780E+00  0.18589082E+01
  0.25229724E+00  0.18495048E+01
  0.26326669E+00  0.18407980E+01
  0.27423613E+00  0.18329282E+01
  0.28520558E+00  0.18259935E+01
  0.29617502E+00  0.18200364E+01
  0.30714447E+00  0.18150416E+01
  0.31811391E+00  0.18109461E+01
  0.32908336E+00  0.18076592E+01
  0.34005280E+00  0.18050861E+01
  0.35102225E+00  0.18031501E+01
  0.36199169E+00  0.18018085E+01
  0.37296114E+00  0.18010600E+01
  0.38393058E+00  0.18009426E+01
  0.39490003E+00  0.18014989E+01
  0.40586948E+00  0.17953155E+01
  0.41683892E+00  0.17836384E+01
  0.42780837E+00  0.17728889E+01
  0.43877781E+00  0.17632182E+01
  0.44974726E+00  0.17547396E+01
  0.46071670E+00  0.17475404E+01
  0.47168615E+00  0.17416821E+01
  0.48265559E+00  0.17372033E+01
  0.49362504E+00  0.17341224E+01
  0.50459448E+00  0.17324385E+01
  0.51556393E+00  0.17321312E+01
  0.52653337E+00  0.17331588E+01
  0.53750282E+00  0.17354598E+01
  0.54847226E+00  0.17389572E+01
  0.55944171E+00  0.17435678E+01
  0.57041115E+00  0.17492121E+01
  0.58138060E+00  0.17558239E+01
  0.59235005E+00  0.17633541E+01
  0.60331949E+00  0.17717691E+01
  0.61428894E+00  0.17810446E+01
  0.62525838E+00  0.17911576E+01
  0.63622783E+00  0.18020793E+01
  0.64719727E+00  0.18137709E+01
  0.65816672E+00  0.18261819E+01
  0.66913616E+00  0.18392495E+01
  0.68010561E+00  0.18528980E+01
  0.69107505E+00  0.18670398E+01
  0.70204450E+00  0.18815770E+01
  0.71301394E+00  0.18964057E+01
  0.72398339E+00  0.19114222E+01
  0.73495283E+00  0.19265296E+01
  0.74592228E+00  0.19416428E+01
  0.75689172E+00  0.19566909E+01
  0.76786117E+00  0.19716184E+01
  0.77883061E+00  0.19863860E+01
  0.78980006E+00  0.20009726E+01
  0.80076951E+00  0.20153781E+01
  0.81173895E+00  0.20296254E+01
  0.82270840E+00  0.20437587E+01
  0.83367784E+00  0.20578363E+01
  0.84464729E+00  0.20719193E+01
  0.85561673E+00  0.20860607E+01
  0.86658618E+00  0.21003006E+01
  0.87755562E+00  0.21146707E+01
  0.88852507E+00  0.21292106E+01
  0.89949451E+00  0.21439899E+01
  0.91046396E+00  0.21591289E+01
  0.92143340E+00  0.21748095E+01
  0.93240285E+00  0.21912703E+01
  0.94337229E+00  0.22087851E+01
  0.95434174E+00  0.22276284E+01
  0.96531118E+00  0.22480381E+01
  0.97628063E+00  0.22701828E+01
  0.98725008E+00  0.22941427E+01
  0.99821952E+00  0.23199056E+01
  0.10091890E+01  0.23473743E+01
  0.10201584E+01  0.23763809E+01
  0.10311279E+01  0.24067015E+01
  0.10420973E+01  0.24380716E+01
  0.10530667E+01  0.24701998E+01
  0.10640362E+01  0.24990768E+01
  0.10750056E+01  0.24971532E+01
  0.10859751E+01  0.24945273E+01
  0.10969445E+01  0.24913660E+01
  0.11079140E+01  0.24878316E+01
  0.11188834E+01  0.24840792E+01
  0.11298529E+01  0.24802359E+01
  0.11408223E+01  0.24763856E+01
  0.11517918E+01  0.24725607E+01
  0.11627612E+01  0.24687451E+01
  0.11737306E+01  0.24648854E+01
  0.11847001E+01  0.24609109E+01
  0.11956695E+01  0.24567559E+01
  0.12066390E+01  0.24523839E+01
  0.12176084E+01  0.24478058E+01
  0.12285779E+01  0.24430918E+01
  0.12395473E+01  0.24383703E+01
  0.12505168E+01  0.24338160E+01
  0.12614862E+01  0.24296269E+01
  0.12724557E+01  0.24259954E+01
  0.12834251E+01  0.24230812E+01
  0.12943945E+01  0.24209912E+01
  0.13053640E+01  0.24197713E+01
  0.13163334E+01  0.24194126E+01
  0.13273029E+01  0.24198339E+01
  0.13382723E+01  0.24209510E+01
  0.13492418E+01  0.24227170E+01
  0.13602112E+01  0.24251232E+01
  0.13711807E+01  0.24282134E+01
  0.13821501E+01  0.24320885E+01
  0.13931196E+01  0.24369012E+01
  0.14040890E+01  0.24428400E+01
  0.14150584E+01  0.24501044E+01
  0.14260279E+01  0.24588743E+01
  0.14369973E+01  0.24692793E+01
  0.14479668E+01  0.24813735E+01
  0.14589362E+01  0.24951227E+01
  0.14699057E+01  0.25104070E+01
  0.14808751E+01  0.25270387E+01
  0.14918446E+01  0.25447931E+01
  0.15028140E+01  0.25634453E+01
  0.15137834E+01  0.25828067E+01
  0.15247529E+01  0.26027558E+01
  0.15357223E+01  0.26232590E+01
  0.15466918E+01  0.26443771E+01
  0.15576612E+01  0.26643272E+01
  0.15686307E+01  0.26431775E+01
  0.15796001E+01  0.26216646E+01
  0.15905696E+01  0.26001644E+01
  0.16015390E+01  0.25788214E+01
  0.16125085E+01  0.25577791E+01
  0.16234779E+01  0.25371696E+01
  0.16344473E+01  0.25171005E+01
  0.16454168E+01  0.24976445E+01
  0.16563862E+01  0.24788338E+01
  0.16673557E+01  0.24606615E+01
  0.16783251E+01  0.24430917E+01
  0.16892946E+01  0.24260745E+01
  0.17002640E+01  0.24095629E+01
  0.17112335E+01  0.23935286E+01
  0.17222029E+01  0.23779712E+01
  0.17331724E+01  0.23629225E+01
  0.17441418E+01  0.23484442E+01
  0.17551112E+01  0.23346209E+01
  0.17660807E+01  0.23215493E+01
  0.17770501E+01  0.23093255E+01
  0.17880196E+01  0.22980317E+01
  0.17989890E+01  0.22877237E+01
  0.18099585E+01  0.22784232E+01
  0.18209279E+01  0.22701151E+01
  0.18318974E+01  0.22627521E+01
  0.18428668E+01  0.22562632E+01
  0.18538363E+01  0.22505653E+01
  0.18648057E+01  0.22455732E+01
  0.18757751E+01  0.22412084E+01
  0.18867446E+01  0.22374033E+01
  0.18977140E+01  0.22341047E+01
  0.19086835E+01  0.22312736E+01
  0.19196529E+01  0.22288850E+01
  0.19306224E+01  0.22269263E+01
  0.19415918E+01  0.22253945E+01
  0.19525613E+01  0.22242930E+01
  0.19635307E+01  0.22236276E+01
  0.19745002E+01  0.22234036E+01
  0.19854615E+01  0.22224550E+01
  0.19964228E+01  0.22196542E+01
  0.20073842E+01  0.22151291E+01
  0.20183455E+01  0.22090515E+01
  0.20293068E+01  0.22015902E+01
  0.20402682E+01  0.21928707E+01
  0.20512295E+01  0.21829530E+01
  0.20621909E+01  0.21718313E+01
  0.20731522E+01  0.21594560E+01
  0.20841135E+01  0.21457692E+01
  0.20950749E+01  0.21307437E+01
  0.21060362E+01  0.21144162E+01
  0.21169976E+01  0.20969033E+01
  0.21279589E+01  0.20783964E+01
  0.21389202E+01  0.20591341E+01
  0.21498816E+01  0.20393602E+01
  0.21608429E+01  0.20192766E+01
  0.21718043E+01  0.19990051E+01
  0.21827656E+01  0.19785668E+01
  0.21937269E+01  0.19578874E+01
  0.22046883E+01  0.19368260E+01
  0.22156496E+01  0.19152224E+01
  0.22266110E+01  0.18929508E+01
  0.22375723E+01  0.18699672E+01
  0.22485336E+01  0.18463392E+01
  0.22594950E+01  0.18222501E+01
  0.22704563E+01  0.17979770E+01
  0.22814177E+01  0.17738480E+01
  0.22923790E+01  0.17501884E+01
  0.23033403E+01  0.17272686E+01
  0.23143017E+01  0.17052628E+01
  0.23252630E+01  0.16842274E+01
  0.23362244E+01  0.16640988E+01
  0.23471857E+01  0.16447121E+01
  0.23581470E+01  0.16258356E+01
  0.23691084E+01  0.16072190E+01
  0.23800697E+01  0.15886545E+01
  0.23910311E+01  0.15701897E+01
  0.24019924E+01  0.15623444E+01
  0.24129537E+01  0.15624650E+01
  0.24239151E+01  0.15638196E+01
  0.24348764E+01  0.15662215E+01
  0.24458378E+01  0.15695125E+01
  0.24567991E+01  0.15735125E+01
  0.24677604E+01  0.15780427E+01
  0.24787218E+01  0.15829531E+01
  0.24896831E+01  0.15881449E+01
  0.25006445E+01  0.15935843E+01
  0.25116058E+01  0.15993034E+01
  0.25225671E+01  0.16053897E+01
  0.25335285E+01  0.16119659E+01
  0.25444898E+01  0.16191636E+01
  0.25554512E+01  0.16270971E+01
  0.25664125E+01  0.16358417E+01
  0.25773738E+01  0.16454213E+01
  0.25883352E+01  0.16558059E+01
  0.25992965E+01  0.16669196E+01
  0.26102579E+01  0.16786563E+01
  0.26212192E+01  0.16908998E+01
  0.26321805E+01  0.17035436E+01
  0.26431419E+01  0.17165064E+01
  0.26541032E+01  0.17297414E+01
  0.26650646E+01  0.17432360E+01
  0.26760259E+01  0.17570046E+01
  0.26869872E+01  0.17710747E+01
  0.26979486E+01  0.17854713E+01
  0.27089099E+01  0.18002029E+01
  0.27198713E+01  0.18152527E+01
  0.27308326E+01  0.18305763E+01
  0.27417939E+01  0.18461062E+01
  0.27527553E+01  0.18617610E+01
  0.27637166E+01  0.18774216E+01
  0.27746780E+01  0.18718437E+01
  0.27856393E+01  0.18674295E+01
  0.27966006E+01  0.18647032E+01
  0.28075620E+01  0.18636037E+01
  0.28185233E+01  0.18640054E+01
  0.28294847E+01  0.18657377E+01
  0.28404460E+01  0.18686135E+01
  0.28514073E+01  0.18724578E+01
  0.28623687E+01  0.18771264E+01
  0.28733300E+01  0.18825111E+01
  0.28842914E+01  0.18885333E+01
  0.28952527E+01  0.18951309E+01
  0.29062140E+01  0.19022473E+01
  0.29171754E+01  0.19098306E+01
  0.29281367E+01  0.19178436E+01
  0.29390981E+01  0.19373132E+01
  0.29500594E+01  0.19656829E+01
  0.29610207E+01  0.19932574E+01
  0.29719821E+01  0.20197367E+01
  0.29829434E+01  0.20448504E+01
  0.29939048E+01  0.20683867E+01
  0.30048661E+01  0.20902092E+01
  0.30158274E+01  0.20921981E+01
  0.30267888E+01  0.20804761E+01
  0.30377501E+01  0.20699429E+01
  0.30487115E+01  0.20605996E+01
  0.30596728E+01  0.20524885E+01
  0.30706341E+01  0.20456826E+01
  0.30815955E+01  0.20402693E+01
  0.30925568E+01  0.20363334E+01
  0.31035182E+01  0.20339441E+01
  0.31144795E+01  0.20331443E+01
  
  0.00000000E+00  0.22049146E+01
  0.10969445E-01  0.22036277E+01
  0.21938891E-01  0.21998995E+01
  0.32908336E-01  0.21937342E+01
  0.43877781E-01  0.21852003E+01
  0.54847226E-01  0.21743907E+01
  0.65816672E-01  0.21614166E+01
  0.76786117E-01  0.21463992E+01
  0.87755562E-01  0.21294607E+01
  0.98725008E-01  0.21107245E+01
  0.10969445E+00  0.21073693E+01
  0.12066390E+00  0.21224292E+01
  0.13163334E+00  0.21388570E+01
  0.14260279E+00  0.21371935E+01
  0.15357223E+00  0.21265889E+01
  0.16454168E+00  0.21154297E+01
  0.17551112E+00  0.21037284E+01
  0.18648057E+00  0.20914725E+01
  0.19745002E+00  0.20786434E+01
  0.20841946E+00  0.20652321E+01
  0.21938891E+00  0.20512499E+01
  0.23035835E+00  0.20367323E+01
  0.24132780E+00  0.20217368E+01
  0.25229724E+00  0.20063366E+01
  0.26326669E+00  0.19906152E+01
  0.27423613E+00  0.19746615E+01
  0.28520558E+00  0.19585675E+01
  0.29617502E+00  0.19424272E+01
  0.30714447E+00  0.19263332E+01
  0.31811391E+00  0.19103734E+01
  0.32908336E+00  0.18946264E+01
  0.34005280E+00  0.18791586E+01
  0.35102225E+00  0.18640254E+01
  0.36199169E+00  0.18492760E+01
  0.37296114E+00  0.18349634E+01
  0.38393058E+00  0.18211560E+01
  0.39490003E+00  0.18079715E+01
  0.40586948E+00  0.18030265E+01
  0.41683892E+00  0.18052982E+01
  0.42780837E+00  0.18085822E+01
  0.43877781E+00  0.18129095E+01
  0.44974726E+00  0.18182950E+01
  0.46071670E+00  0.18247151E+01
  0.47168615E+00  0.18321091E+01
  0.48265559E+00  0.18403874E+01
  0.49362504E+00  0.18494459E+01
  0.50459448E+00  0.18591815E+01
  0.51556393E+00  0.18695092E+01
  0.52653337E+00  0.18803739E+01
  0.53750282E+00  0.18917556E+01
  0.54847226E+00  0.19036656E+01
  0.55944171E+00  0.19161351E+01
  0.57041115E+00  0.19291984E+01
  0.58138060E+00  0.19428759E+01
  0.59235005E+00  0.19571622E+01
  0.60331949E+00  0.19720217E+01
  0.61428894E+00  0.19873934E+01
  0.62525838E+00  0.20032005E+01
  0.63622783E+00  0.20193642E+01
  0.64719727E+00  0.20358152E+01
  0.65816672E+00  0.20525023E+01
  0.66913616E+00  0.20693968E+01
  0.68010561E+00  0.20864930E+01
  0.69107505E+00  0.21038030E+01
  0.70204450E+00  0.21213485E+01
  0.71301394E+00  0.21391483E+01
  0.72398339E+00  0.21572046E+01
  0.73495283E+00  0.21754909E+01
  0.74592228E+00  0.21939445E+01
  0.75689172E+00  0.22124671E+01
  0.76786117E+00  0.22309325E+01
  0.77883061E+00  0.22492021E+01
  0.78980006E+00  0.22671413E+01
  0.80076951E+00  0.22846356E+01
  0.81173895E+00  0.23016018E+01
  0.82270840E+00  0.23179920E+01
  0.83367784E+00  0.23337912E+01
  0.84464729E+00  0.23490092E+01
  0.85561673E+00  0.23636679E+01
  0.86658618E+00  0.23777881E+01
  0.87755562E+00  0.23913765E+01
  0.88852507E+00  0.24044168E+01
  0.89949451E+00  0.24168670E+01
  0.91046396E+00  0.24286626E+01
  0.92143340E+00  0.24397258E+01
  0.93240285E+00  0.24499775E+01
  0.94337229E+00  0.24593487E+01
  0.95434174E+00  0.24677893E+01
  0.96531118E+00  0.24752701E+01
  0.97628063E+00  0.24817797E+01
  0.98725008E+00  0.24873178E+01
  0.99821952E+00  0.24918878E+01
  0.10091890E+01  0.24954908E+01
  0.10201584E+01  0.24981246E+01
  0.10311279E+01  0.24997871E+01
  0.10420973E+01  0.25004837E+01
  0.10530667E+01  0.25002386E+01
  0.10640362E+01  0.25028118E+01
  0.10750056E+01  0.25355452E+01
  0.10859751E+01  0.25681928E+01
  0.10969445E+01  0.26005062E+01
  0.11079140E+01  0.26323002E+01
  0.11188834E+01  0.26634337E+01
  0.11298529E+01  0.26937993E+01
  0.11408223E+01  0.27233050E+01
  0.11517918E+01  0.27518553E+01
  0.11627612E+01  0.27793342E+01
  0.11737306E+01  0.28055960E+01
  0.11847001E+01  0.28304655E+01
  0.11956695E+01  0.28537481E+01
  0.12066390E+01  0.28752471E+01
  0.12176084E+01  0.28947830E+01
  0.12285779E+01  0.29122127E+01
  0.12395473E+01  0.29274416E+01
  0.12505168E+01  0.29404292E+01
  0.12614862E+01  0.29511869E+01
  0.12724557E+01  0.29597685E+01
  0.12834251E+01  0.29662562E+01
  0.12943945E+01  0.29707452E+01
  0.13053640E+01  0.29733278E+01
  0.13163334E+01  0.29740816E+01
  0.13273029E+01  0.29731383E+01
  0.13382723E+01  0.29705982E+01
  0.13492418E+01  0.29664494E+01
  0.13602112E+01  0.29606634E+01
  0.13711807E+01  0.29532175E+01
  0.13821501E+01  0.29441146E+01
  0.13931196E+01  0.29333970E+01
  0.14040890E+01  0.29211514E+01
  0.14150584E+01  0.29075054E+01
  0.14260279E+01  0.28926183E+01
  0.14369973E+01  0.28766672E+01
  0.14479668E+01  0.28598314E+01
  0.14589362E+01  0.28422773E+01
  0.14699057E+01  0.28241447E+01
  0.14808751E+01  0.28055372E+01
  0.14918446E+01  0.27865195E+01
  0.15028140E+01  0.27671212E+01
  0.15137834E+01  0.27473477E+01
  0.15247529E+01  0.27271953E+01
  0.15357223E+01  0.27066679E+01
  0.15466918E+01  0.26857918E+01
  0.15576612E+01  0.26665581E+01
  0.15686307E+01  0.26892129E+01
  0.15796001E+01  0.27134073E+01
  0.15905696E+01  0.27391802E+01
  0.16015390E+01  0.27667738E+01
  0.16125085E+01  0.27963449E+01
  0.16234779E+01  0.28279242E+01
  0.16344473E+01  0.28613919E+01
  0.16454168E+01  0.28964717E+01
  0.16563862E+01  0.29327455E+01
  0.16673557E+01  0.29696866E+01
  0.16783251E+01  0.30067066E+01
  0.16892946E+01  0.30432144E+01
  0.17002640E+01  0.30786793E+01
  0.17112335E+01  0.31126959E+01
  0.17222029E+01  0.31450398E+01
  0.17331724E+01  0.31757032E+01
  0.17441418E+01  0.32048944E+01
  0.17551112E+01  0.32329852E+01
  0.17660807E+01  0.32603924E+01
  0.17770501E+01  0.32873598E+01
  0.17880196E+01  0.33135215E+01
  0.17989890E+01  0.33368658E+01
  0.18099585E+01  0.33517643E+01
  0.18209279E+01  0.33511300E+01
  0.18318974E+01  0.33368758E+01
  0.18428668E+01  0.33158468E+01
  0.18538363E+01  0.32922848E+01
  0.18648057E+01  0.32684548E+01
  0.18757751E+01  0.32457970E+01
  0.18867446E+01  0.32253297E+01
  0.18977140E+01  0.32077486E+01
  0.19086835E+01  0.31934378E+01
  0.19196529E+01  0.31824679E+01
  0.19306224E+01  0.31746188E+01
  0.19415918E+01  0.31694401E+01
  0.19525613E+01  0.31663549E+01
  0.19635307E+01  0.31647958E+01
  0.19745002E+01  0.31643463E+01
  0.19854615E+01  0.31639185E+01
  0.19964228E+01  0.31627211E+01
  0.20073842E+01  0.31608338E+01
  0.20183455E+01  0.31583612E+01
  0.20293068E+01  0.31554041E+01
  0.20402682E+01  0.31520299E+01
  0.20512295E+01  0.31482516E+01
  0.20621909E+01  0.31440191E+01
  0.20731522E+01  0.31392269E+01
  0.20841135E+01  0.31337349E+01
  0.20950749E+01  0.31273984E+01
  0.21060362E+01  0.31200992E+01
  0.21169976E+01  0.31117701E+01
  0.21279589E+01  0.31024075E+01
  0.21389202E+01  0.30920676E+01
  0.21498816E+01  0.30808481E+01
  0.21608429E+01  0.30688595E+01
  0.21718043E+01  0.30561940E+01
  0.21827656E+01  0.30428980E+01
  0.21937269E+01  0.30289577E+01
  0.22046883E+01  0.30142993E+01
  0.22156496E+01  0.29988053E+01
  0.22266110E+01  0.29823437E+01
  0.22375723E+01  0.29648012E+01
  0.22485336E+01  0.29461149E+01
  0.22594950E+01  0.29262930E+01
  0.22704563E+01  0.29054200E+01
  0.22814177E+01  0.28836453E+01
  0.22923790E+01  0.28611569E+01
  0.23033403E+01  0.28381470E+01
  0.23143017E+01  0.28147756E+01
  0.23252630E+01  0.27911414E+01
  0.23362244E+01  0.27672649E+01
  0.23471857E+01  0.27430885E+01
  0.23581470E+01  0.27184934E+01
  0.23691084E+01  0.26933294E+01
  0.23800697E+01  0.26674523E+01
  0.23910311E+01  0.26407601E+01
  0.24019924E+01  0.26132208E+01
  0.24129537E+01  0.25848863E+01
  0.24239151E+01  0.25558903E+01
  0.24348764E+01  0.25264300E+01
  0.24458378E+01  0.24967386E+01
  0.24567991E+01  0.24670512E+01
  0.24677604E+01  0.24375735E+01
  0.24787218E+01  0.24084570E+01
  0.24896831E+01  0.23797862E+01
  0.25006445E+01  0.23515799E+01
  0.25116058E+01  0.23238050E+01
  0.25225671E+01  0.22964011E+01
  0.25335285E+01  0.22693083E+01
  0.25444898E+01  0.22424945E+01
  0.25554512E+01  0.22159739E+01
  0.25664125E+01  0.21898149E+01
  0.25773738E+01  0.21641350E+01
  0.25883352E+01  0.21390858E+01
  0.25992965E+01  0.21148307E+01
  0.26102579E+01  0.20915213E+01
  0.26212192E+01  0.20692767E+01
  0.26321805E+01  0.20481685E+01
  0.26431419E+01  0.20282166E+01
  0.26541032E+01  0.20093943E+01
  0.26650646E+01  0.19916431E+01
  0.26760259E+01  0.19748935E+01
  0.26869872E+01  0.19590886E+01
  0.26979486E+01  0.19442033E+01
  0.27089099E+01  0.19302563E+01
  0.27198713E+01  0.19173124E+01
  0.27308326E+01  0.19054757E+01
  0.27417939E+01  0.18948765E+01
  0.27527553E+01  0.18856547E+01
  0.27637166E+01  0.18779781E+01
  0.27746780E+01  0.18931243E+01
  0.27856393E+01  0.19086987E+01
  0.27966006E+01  0.19241481E+01
  0.28075620E+01  0.19394566E+01
  0.28185233E+01  0.19546234E+01
  0.28294847E+01  0.19696530E+01
  0.28404460E+01  0.19845461E+01
  0.28514073E+01  0.19992910E+01
  0.28623687E+01  0.20138585E+01
  0.28733300E+01  0.20282028E+01
  0.28842914E+01  0.20422644E+01
  0.28952527E+01  0.20559773E+01
  0.29062140E+01  0.20692764E+01
  0.29171754E+01  0.20821042E+01
  0.29281367E+01  0.20944157E+01
  0.29390981E+01  0.21061807E+01
  0.29500594E+01  0.21173828E+01
  0.29610207E+01  0.21280153E+01
  0.29719821E+01  0.21380740E+01
  0.29829434E+01  0.21350156E+01
  0.29939048E+01  0.21193984E+01
  0.30048661E+01  0.21051507E+01
  0.30158274E+01  0.21102589E+01
  0.30267888E+01  0.21285267E+01
  0.30377501E+01  0.21450324E+01
  0.30487115E+01  0.21597803E+01
  0.30596728E+01  0.21727276E+01
  0.30706341E+01  0.21837630E+01
  0.30815955E+01  0.21927067E+01
  0.30925568E+01  0.21993346E+01
  0.31035182E+01  0.22034289E+01
  0.31144795E+01  0.22049146E+01
  
  0.00000000E+00  0.22049146E+01
  0.10969445E-01  0.22045779E+01
  0.21938891E-01  0.22034460E+01
  0.32908336E-01  0.22015553E+01
  0.43877781E-01  0.21988972E+01
  0.54847226E-01  0.21954496E+01
  0.65816672E-01  0.21911779E+01
  0.76786117E-01  0.21860418E+01
  0.87755562E-01  0.21800091E+01
  0.98725008E-01  0.21730714E+01
  0.10969445E+00  0.21652546E+01
  0.12066390E+00  0.21566203E+01
  0.13163334E+00  0.21472714E+01
  0.14260279E+00  0.21567346E+01
  0.15357223E+00  0.21759025E+01
  0.16454168E+00  0.21963826E+01
  0.17551112E+00  0.22181082E+01
  0.18648057E+00  0.22410069E+01
  0.19745002E+00  0.22650046E+01
  0.20841946E+00  0.22900336E+01
  0.21938891E+00  0.23160386E+01
  0.23035835E+00  0.23429792E+01
  0.24132780E+00  0.23708298E+01
  0.25229724E+00  0.23995760E+01
  0.26326669E+00  0.24292087E+01
  0.27423613E+00  0.24597147E+01
  0.28520558E+00  0.24910680E+01
  0.29617502E+00  0.25232218E+01
  0.30714447E+00  0.25561047E+01
  0.31811391E+00  0.25896230E+01
  0.32908336E+00  0.26236679E+01
  0.34005280E+00  0.26581259E+01
  0.35102225E+00  0.26928895E+01
  0.36199169E+00  0.27278669E+01
  0.37296114E+00  0.27629893E+01
  0.38393058E+00  0.27982137E+01
  0.39490003E+00  0.28335224E+01
  0.40586948E+00  0.28689184E+01
  0.41683892E+00  0.29044174E+01
  0.42780837E+00  0.29400369E+01
  0.43877781E+00  0.29757838E+01
  0.44974726E+00  0.30116428E+01
  0.46071670E+00  0.30475681E+01
  0.47168615E+00  0.30834796E+01
  0.48265559E+00  0.31192668E+01
  0.49362504E+00  0.31547970E+01
  0.50459448E+00  0.31899289E+01
  0.51556393E+00  0.32245267E+01
  0.52653337E+00  0.32584739E+01
  0.53750282E+00  0.32916842E+01
  0.54847226E+00  0.33241094E+01
  0.55944171E+00  0.33557423E+01
  0.57041115E+00  0.33866155E+01
  0.58138060E+00  0.34167934E+01
  0.59235005E+00  0.34463593E+01
  0.60331949E+00  0.34753965E+01
  0.61428894E+00  0.35039664E+01
  0.62525838E+00  0.35320894E+01
  0.63622783E+00  0.35597307E+01
  0.64719727E+00  0.35867980E+01
  0.65816672E+00  0.36131493E+01
  0.66913616E+00  0.36386124E+01
  0.68010561E+00  0.36630105E+01
  0.69107505E+00  0.36861910E+01
  0.70204450E+00  0.37080519E+01
  0.71301394E+00  0.37285632E+01
  0.72398339E+00  0.37477799E+01
  0.73495283E+00  0.37658432E+01
  0.74592228E+00  0.37829669E+01
  0.75689172E+00  0.37994100E+01
  0.76786117E+00  0.38154368E+01
  0.77883061E+00  0.38312712E+01
  0.78980006E+00  0.38470565E+01
  0.80076951E+00  0.38628282E+01
  0.81173895E+00  0.38785098E+01
  0.82270840E+00  0.38939313E+01
  0.83367784E+00  0.39088684E+01
  0.84464729E+00  0.39230929E+01
  0.85561673E+00  0.39364254E+01
  0.86658618E+00  0.39487808E+01
  0.87755562E+00  0.39601982E+01
  0.88852507E+00  0.39708522E+01
  0.89949451E+00  0.39810398E+01
  0.91046396E+00  0.39911445E+01
  0.92143340E+00  0.40015804E+01
  0.93240285E+00  0.40127242E+01
  0.94337229E+00  0.40248504E+01
  0.95434174E+00  0.40380828E+01
  0.96531118E+00  0.40523744E+01
  0.97628063E+00  0.40675207E+01
  0.98725008E+00  0.40832032E+01
  0.99821952E+00  0.40990521E+01
  0.10091890E+01  0.41147161E+01
  0.10201584E+01  0.41299247E+01
  0.10311279E+01  0.41445336E+01
  0.10420973E+01  0.41585451E+01
  0.10530667E+01  0.41721027E+01
  0.10640362E+01  0.41854584E+01
  0.10750056E+01  0.41989192E+01
  0.10859751E+01  0.42127825E+01
  0.10969445E+01  0.42272709E+01
  0.11079140E+01  0.42424836E+01
  0.11188834E+01  0.42583704E+01
  0.11298529E+01  0.42747365E+01
  0.11408223E+01  0.42912727E+01
  0.11517918E+01  0.43076049E+01
  0.11627612E+01  0.43233517E+01
  0.11737306E+01  0.43381786E+01
  0.11847001E+01  0.43518415E+01
  0.11956695E+01  0.43642107E+01
  0.12066390E+01  0.43752738E+01
  0.12176084E+01  0.43851166E+01
  0.12285779E+01  0.43938869E+01
  0.12395473E+01  0.44017481E+01
  0.12505168E+01  0.44088320E+01
  0.12614862E+01  0.44152024E+01
  0.12724557E+01  0.44208350E+01
  0.12834251E+01  0.44256178E+01
  0.12943945E+01  0.44293693E+01
  0.13053640E+01  0.44318700E+01
  0.13163334E+01  0.44328987E+01
  0.13273029E+01  0.44323637E+01
  0.13382723E+01  0.44302290E+01
  0.13492418E+01  0.44264169E+01
  0.13602112E+01  0.44209159E+01
  0.13711807E+01  0.44137752E+01
  0.13821501E+01  0.44050873E+01
  0.13931196E+01  0.43949603E+01
  0.14040890E+01  0.43834889E+01
  0.14150584E+01  0.43707290E+01
  0.14260279E+01  0.43566851E+01
  0.14369973E+01  0.43413128E+01
  0.14479668E+01  0.43245343E+01
  0.14589362E+01  0.43062646E+01
  0.14699057E+01  0.42864388E+01
  0.14808751E+01  0.42650362E+01
  0.14918446E+01  0.42420945E+01
  0.15028140E+01  0.42177124E+01
  0.15137834E+01  0.41920389E+01
  0.15247529E+01  0.41652525E+01
  0.15357223E+01  0.41375320E+01
  0.15466918E+01  0.41090247E+01
  0.15576612E+01  0.40798197E+01
  0.15686307E+01  0.40499318E+01
  0.15796001E+01  0.40193030E+01
  0.15905696E+01  0.39878246E+01
  0.16015390E+01  0.39553775E+01
  0.16125085E+01  0.39218834E+01
  0.16234779E+01  0.38873580E+01
  0.16344473E+01  0.38519527E+01
  0.16454168E+01  0.38159755E+01
  0.16563862E+01  0.37798852E+01
  0.16673557E+01  0.37442566E+01
  0.16783251E+01  0.37097214E+01
  0.16892946E+01  0.36768929E+01
  0.17002640E+01  0.36462827E+01
  0.17112335E+01  0.36182247E+01
  0.17222029E+01  0.35928180E+01
  0.17331724E+01  0.35699040E+01
  0.17441418E+01  0.35490923E+01
  0.17551112E+01  0.35298435E+01
  0.17660807E+01  0.35116173E+01
  0.17770501E+01  0.34941122E+01
  0.17880196E+01  0.34777084E+01
  0.17989890E+01  0.34644941E+01
  0.18099585E+01  0.34602116E+01
  0.18209279E+01  0.34720602E+01
  0.18318974E+01  0.34981926E+01
  0.18428668E+01  0.35317401E+01
  0.18538363E+01  0.35683174E+01
  0.18648057E+01  0.36053891E+01
  0.18757751E+01  0.36411384E+01
  0.18867446E+01  0.36741126E+01
  0.18977140E+01  0.37031881E+01
  0.19086835E+01  0.37276256E+01
  0.19196529E+01  0.37471185E+01
  0.19306224E+01  0.37617873E+01
  0.19415918E+01  0.37721015E+01
  0.19525613E+01  0.37787334E+01
  0.19635307E+01  0.37823691E+01
  0.19745002E+01  0.37835167E+01
  0.19854615E+01  0.37833544E+01
  0.19964228E+01  0.37828534E+01
  0.20073842E+01  0.37820037E+01
  0.20183455E+01  0.37807918E+01
  0.20293068E+01  0.37792022E+01
  0.20402682E+01  0.37772208E+01
  0.20512295E+01  0.37748373E+01
  0.20621909E+01  0.37720470E+01
  0.20731522E+01  0.37688516E+01
  0.20841135E+01  0.37652590E+01
  0.20950749E+01  0.37612818E+01
  0.21060362E+01  0.37569346E+01
  0.21169976E+01  0.37522312E+01
  0.21279589E+01  0.37471815E+01
  0.21389202E+01  0.37417884E+01
  0.21498816E+01  0.37360466E+01
  0.21608429E+01  0.37299410E+01
  0.21718043E+01  0.37234481E+01
  0.21827656E+01  0.37165378E+01
  0.21937269E+01  0.37091766E+01
  0.22046883E+01  0.37013313E+01
  0.22156496E+01  0.36929735E+01
  0.22266110E+01  0.36840829E+01
  0.22375723E+01  0.36746499E+01
  0.22485336E+01  0.36646764E+01
  0.22594950E+01  0.36541751E+01
  0.22704563E+01  0.36431669E+01
  0.22814177E+01  0.36316767E+01
  0.22923790E+01  0.36197291E+01
  0.23033403E+01  0.36073426E+01
  0.23143017E+01  0.35945262E+01
  0.23252630E+01  0.35812757E+01
  0.23362244E+01  0.35675732E+01
  0.23471857E+01  0.35533879E+01
  0.23581470E+01  0.35386794E+01
  0.23691084E+01  0.35234027E+01
  0.23800697E+01  0.35075141E+01
  0.23910311E+01  0.34909775E+01
  0.24019924E+01  0.34737698E+01
  0.24129537E+01  0.34558844E+01
  0.24239151E+01  0.34373326E+01
  0.24348764E+01  0.34181414E+01
  0.24458378E+01  0.33983493E+01
  0.24567991E+01  0.33780005E+01
  0.24677604E+01  0.33571377E+01
  0.24787218E+01  0.33357957E+01
  0.24896831E+01  0.33139969E+01
  0.25006445E+01  0.32917484E+01
  0.25116058E+01  0.32690433E+01
  0.25225671E+01  0.32458629E+01
  0.25335285E+01  0.32221832E+01
  0.25444898E+01  0.31979815E+01
  0.25554512E+01  0.31732437E+01
  0.25664125E+01  0.31479699E+01
  0.25773738E+01  0.31221774E+01
  0.25883352E+01  0.30959007E+01
  0.25992965E+01  0.30691873E+01
  0.26102579E+01  0.30420916E+01
  0.26212192E+01  0.30146665E+01
  0.26321805E+01  0.29869560E+01
  0.26431419E+01  0.29589891E+01
  0.26541032E+01  0.29307765E+01
  0.26650646E+01  0.29023113E+01
  0.26760259E+01  0.28735747E+01
  0.26869872E+01  0.28445434E+01
  0.26979486E+01  0.28152015E+01
  0.27089099E+01  0.27855514E+01
  0.27198713E+01  0.27556228E+01
  0.27308326E+01  0.27254776E+01
  0.27417939E+01  0.26952094E+01
  0.27527553E+01  0.26649371E+01
  0.27637166E+01  0.26347938E+01
  0.27746780E+01  0.26049129E+01
  0.27856393E+01  0.25754141E+01
  0.27966006E+01  0.25463896E+01
  0.28075620E+01  0.25178941E+01
  0.28185233E+01  0.24899398E+01
  0.28294847E+01  0.24624993E+01
  0.28404460E+01  0.24355172E+01
  0.28514073E+01  0.24089285E+01
  0.28623687E+01  0.23826794E+01
  0.28733300E+01  0.23567445E+01
  0.28842914E+01  0.23311393E+01
  0.28952527E+01  0.23059245E+01
  0.29062140E+01  0.22812048E+01
  0.29171754E+01  0.22571215E+01
  0.29281367E+01  0.22338414E+01
  0.29390981E+01  0.22115413E+01
  0.29500594E+01  0.21903902E+01
  0.29610207E+01  0.21705298E+01
  0.29719821E+01  0.21520583E+01
  0.29829434E+01  0.21475541E+01
  0.29939048E+01  0.21564290E+01
  0.30048661E+01  0.21646692E+01
  0.30158274E+01  0.21722304E+01
  0.30267888E+01  0.21790663E+01
  0.30377501E+01  0.21851376E+01
  0.30487115E+01  0.21904167E+01
  0.30596728E+01  0.21948883E+01
  0.30706341E+01  0.21985459E+01
  0.30815955E+01  0.22013876E+01
  0.30925568E+01  0.22034131E+01
  0.31035182E+01  0.22046183E+01
  0.31144795E+01  0.22049146E+01
  
  0.00000000E+00  0.34797310E+01
  0.10969445E-01  0.34799878E+01
  0.21938891E-01  0.34809536E+01
  0.32908336E-01  0.34828754E+01
  0.43877781E-01  0.34859185E+01
  0.54847226E-01  0.34900147E+01
  0.65816672E-01  0.34948547E+01
  0.76786117E-01  0.35000472E+01
  0.87755562E-01  0.35053934E+01
  0.98725008E-01  0.35110996E+01
  0.10969445E+00  0.35177358E+01
  0.12066390E+00  0.35259657E+01
  0.13163334E+00  0.35362600E+01
  0.14260279E+00  0.35487492E+01
  0.15357223E+00  0.35632306E+01
  0.16454168E+00  0.35792766E+01
  0.17551112E+00  0.35963812E+01
  0.18648057E+00  0.36140888E+01
  0.19745002E+00  0.36320516E+01
  0.20841946E+00  0.36499969E+01
  0.21938891E+00  0.36676627E+01
  0.23035835E+00  0.36848310E+01
  0.24132780E+00  0.37015256E+01
  0.25229724E+00  0.37182241E+01
  0.26326669E+00  0.37357994E+01
  0.27423613E+00  0.37551553E+01
  0.28520558E+00  0.37768608E+01
  0.29617502E+00  0.38010648E+01
  0.30714447E+00  0.38277204E+01
  0.31811391E+00  0.38569857E+01
  0.32908336E+00  0.38896201E+01
  0.34005280E+00  0.39272062E+01
  0.35102225E+00  0.39720625E+01
  0.36199169E+00  0.40268046E+01
  0.37296114E+00  0.40936547E+01
  0.38393058E+00  0.41737261E+01
  0.39490003E+00  0.42665555E+01
  0.40586948E+00  0.43700807E+01
  0.41683892E+00  0.44810860E+01
  0.42780837E+00  0.45959570E+01
  0.43877781E+00  0.47114837E+01
  0.44974726E+00  0.48254708E+01
  0.46071670E+00  0.49370157E+01
  0.47168615E+00  0.50464418E+01
  0.48265559E+00  0.51549714E+01
  0.49362504E+00  0.52642667E+01
  0.50459448E+00  0.53759598E+01
  0.51556393E+00  0.54912595E+01
  0.52653337E+00  0.56106753E+01
  0.53750282E+00  0.57338728E+01
  0.54847226E+00  0.58596665E+01
  0.55944171E+00  0.59861513E+01
  0.57041115E+00  0.61109715E+01
  0.58138060E+00  0.62316996E+01
  0.59235005E+00  0.63462648E+01
  0.60331949E+00  0.64533452E+01
  0.61428894E+00  0.65526326E+01
  0.62525838E+00  0.66449037E+01
  0.63622783E+00  0.67318737E+01
  0.64719727E+00  0.68158579E+01
  0.65816672E+00  0.68993068E+01
  0.66913616E+00  0.69843048E+01
  0.68010561E+00  0.70721245E+01
  0.69107505E+00  0.71629083E+01
  0.70204450E+00  0.72555273E+01
  0.71301394E+00  0.73476318E+01
  0.72398339E+00  0.74358827E+01
  0.73495283E+00  0.75163300E+01
  0.74592228E+00  0.75848829E+01
  0.75689172E+00  0.76378028E+01
  0.76786117E+00  0.76721579E+01
  0.77883061E+00  0.76861895E+01
  0.78980006E+00  0.76795679E+01
  0.80076951E+00  0.76535235E+01
  0.81173895E+00  0.76108305E+01
  0.82270840E+00  0.75556117E+01
  0.83367784E+00  0.74929502E+01
  0.84464729E+00  0.74283379E+01
  0.85561673E+00  0.73670442E+01
  0.86658618E+00  0.73135126E+01
  0.87755562E+00  0.72708846E+01
  0.88852507E+00  0.72407206E+01
  0.89949451E+00  0.72229496E+01
  0.91046396E+00  0.72160439E+01
  0.92143340E+00  0.72173809E+01
  0.93240285E+00  0.72237217E+01
  0.94337229E+00  0.72317192E+01
  0.95434174E+00  0.72383674E+01
  0.96531118E+00  0.72413321E+01
  0.97628063E+00  0.72391325E+01
  0.98725008E+00  0.72311803E+01
  0.99821952E+00  0.72176963E+01
  0.10091890E+01  0.71995324E+01
  0.10201584E+01  0.71779324E+01
  0.10311279E+01  0.71542689E+01
  0.10420973E+01  0.71297991E+01
  0.10530667E+01  0.71054747E+01
  0.10640362E+01  0.70818347E+01
  0.10750056E+01  0.70589914E+01
  0.10859751E+01  0.70367019E+01
  0.10969445E+01  0.70145049E+01
  0.11079140E+01  0.69918899E+01
  0.11188834E+01  0.69684627E+01
  0.11298529E+01  0.69440763E+01
  0.11408223E+01  0.69189057E+01
  0.11517918E+01  0.68934573E+01
  0.11627612E+01  0.68685120E+01
  0.11737306E+01  0.68450160E+01
  0.11847001E+01  0.68239356E+01
  0.11956695E+01  0.68061027E+01
  0.12066390E+01  0.67920790E+01
  0.12176084E+01  0.67820660E+01
  0.12285779E+01  0.67758785E+01
  0.12395473E+01  0.67729868E+01
  0.12505168E+01  0.67726171E+01
  0.12614862E+01  0.67738831E+01
  0.12724557E+01  0.67759219E+01
  0.12834251E+01  0.67780060E+01
  0.12943945E+01  0.67796148E+01
  0.13053640E+01  0.67804575E+01
  0.13163334E+01  0.67804480E+01
  0.13273029E+01  0.67794618E+01
  0.13382723E+01  0.67774654E+01
  0.13492418E+01  0.67746161E+01
  0.13602112E+01  0.67710236E+01
  0.13711807E+01  0.67667129E+01
  0.13821501E+01  0.67616329E+01
  0.13931196E+01  0.67556976E+01
  0.14040890E+01  0.67488385E+01
  0.14150584E+01  0.67410420E+01
  0.14260279E+01  0.67323577E+01
  0.14369973E+01  0.67228803E+01
  0.14479668E+01  0.67127163E+01
  0.14589362E+01  0.67019496E+01
  0.14699057E+01  0.66906140E+01
  0.14808751E+01  0.66786784E+01
  0.14918446E+01  0.66660460E+01
  0.15028140E+01  0.66525695E+01
  0.15137834E+01  0.66380839E+01
  0.15247529E+01  0.66224537E+01
  0.15357223E+01  0.66056266E+01
  0.15466918E+01  0.65876765E+01
  0.15576612E+01  0.65688204E+01
  0.15686307E+01  0.65493981E+01
  0.15796001E+01  0.65298196E+01
  0.15905696E+01  0.65104924E+01
  0.16015390E+01  0.64917483E+01
  0.16125085E+01  0.64737845E+01
  0.16234779E+01  0.64566271E+01
  0.16344473E+01  0.64401194E+01
  0.16454168E+01  0.64239348E+01
  0.16563862E+01  0.64076132E+01
  0.16673557E+01  0.63906195E+01
  0.16783251E+01  0.63724216E+01
  0.16892946E+01  0.63525794E+01
  0.17002640E+01  0.63308296E+01
  0.17112335E+01  0.63071496E+01
  0.17222029E+01  0.62817822E+01
  0.17331724E+01  0.62552161E+01
  0.17441418E+01  0.62281244E+01
  0.17551112E+01  0.62012774E+01
  0.17660807E+01  0.61754436E+01
  0.17770501E+01  0.61512977E+01
  0.17880196E+01  0.61293448E+01
  0.17989890E+01  0.61098681E+01
  0.18099585E+01  0.60929057E+01
  0.18209279E+01  0.60782553E+01
  0.18318974E+01  0.60655100E+01
  0.18428668E+01  0.60541199E+01
  0.18538363E+01  0.60434750E+01
  0.18648057E+01  0.60330012E+01
  0.18757751E+01  0.60222549E+01
  0.18867446E+01  0.60109993E+01
  0.18977140E+01  0.59992476E+01
  0.19086835E+01  0.59872630E+01
  0.19196529E+01  0.59755185E+01
  0.19306224E+01  0.59646264E+01
  0.19415918E+01  0.59552524E+01
  0.19525613E+01  0.59480273E+01
  0.19635307E+01  0.59434672E+01
  0.19745002E+01  0.59419094E+01
  0.19854615E+01  0.59440932E+01
  0.19964228E+01  0.59505483E+01
  0.20073842E+01  0.59609864E+01
  0.20183455E+01  0.59750079E+01
  0.20293068E+01  0.59922207E+01
  0.20402682E+01  0.60123821E+01
  0.20512295E+01  0.60355178E+01
  0.20621909E+01  0.60619568E+01
  0.20731522E+01  0.60922372E+01
  0.20841135E+01  0.61268816E+01
  0.20950749E+01  0.61661072E+01
  0.21060362E+01  0.62095679E+01
  0.21169976E+01  0.62562241E+01
  0.21279589E+01  0.63043842E+01
  0.21389202E+01  0.63519081E+01
  0.21498816E+01  0.63965247E+01
  0.21608429E+01  0.64362190E+01
  0.21718043E+01  0.64696741E+01
  0.21827656E+01  0.64967502E+01
  0.21937269E+01  0.65189009E+01
  0.22046883E+01  0.65393122E+01
  0.22156496E+01  0.65625458E+01
  0.22266110E+01  0.65936643E+01
  0.22375723E+01  0.66370742E+01
  0.22485336E+01  0.66954223E+01
  0.22594950E+01  0.67688039E+01
  0.22704563E+01  0.68543891E+01
  0.22814177E+01  0.69464439E+01
  0.22923790E+01  0.70366485E+01
  0.23033403E+01  0.71147122E+01
  0.23143017E+01  0.71697335E+01
  0.23252630E+01  0.71931208E+01
  0.23362244E+01  0.71821753E+01
  0.23471857E+01  0.71407697E+01
  0.23581470E+01  0.70765090E+01
  0.23691084E+01  0.69979085E+01
  0.23800697E+01  0.69131278E+01
  0.23910311E+01  0.68294086E+01
  0.24019924E+01  0.67525311E+01
  0.24129537E+01  0.66862383E+01
  0.24239151E+01  0.66318253E+01
  0.24348764E+01  0.65880730E+01
  0.24458378E+01  0.65515957E+01
  0.24567991E+01  0.65175466E+01
  0.24677604E+01  0.64805257E+01
  0.24787218E+01  0.64354930E+01
  0.24896831E+01  0.63785220E+01
  0.25006445E+01  0.63072989E+01
  0.25116058E+01  0.62213480E+01
  0.25225671E+01  0.61219981E+01
  0.25335285E+01  0.60121086E+01
  0.25444898E+01  0.58955818E+01
  0.25554512E+01  0.57767162E+01
  0.25664125E+01  0.56595015E+01
  0.25773738E+01  0.55469914E+01
  0.25883352E+01  0.54408840E+01
  0.25992965E+01  0.53413881E+01
  0.26102579E+01  0.52473816E+01
  0.26212192E+01  0.51567970E+01
  0.26321805E+01  0.50671306E+01
  0.26431419E+01  0.49759729E+01
  0.26541032E+01  0.48814800E+01
  0.26650646E+01  0.47827369E+01
  0.26760259E+01  0.46799786E+01
  0.26869872E+01  0.45746381E+01
  0.26979486E+01  0.44691953E+01
  0.27089099E+01  0.43668164E+01
  0.27198713E+01  0.42708200E+01
  0.27308326E+01  0.41840648E+01
  0.27417939E+01  0.41084024E+01
  0.27527553E+01  0.40443488E+01
  0.27637166E+01  0.39910747E+01
  0.27746780E+01  0.39467173E+01
  0.27856393E+01  0.39089102E+01
  0.27966006E+01  0.38753587E+01
  0.28075620E+01  0.38442921E+01
  0.28185233E+01  0.38146792E+01
  0.28294847E+01  0.37861895E+01
  0.28404460E+01  0.37589841E+01
  0.28514073E+01  0.37334618E+01
  0.28623687E+01  0.37100194E+01
  0.28733300E+01  0.36888658E+01
  0.28842914E+01  0.36699410E+01
  0.28952527E+01  0.36529414E+01
  0.29062140E+01  0.36374093E+01
  0.29171754E+01  0.36228469E+01
  0.29281367E+01  0.36088260E+01
  0.29390981E+01  0.35950689E+01
  0.29500594E+01  0.35814864E+01
  0.29610207E+01  0.35681749E+01
  0.29719821E+01  0.35553751E+01
  0.29829434E+01  0.35433975E+01
  0.29939048E+01  0.35325290E+01
  0.30048661E+01  0.35229460E+01
  0.30158274E+01  0.35146691E+01
  0.30267888E+01  0.35075774E+01
  0.30377501E+01  0.35014734E+01
  0.30487115E+01  0.34961644E+01
  0.30596728E+01  0.34915247E+01
  0.30706341E+01  0.34875243E+01
  0.30815955E+01  0.34842234E+01
  0.30925568E+01  0.34817414E+01
  0.31035182E+01  0.34802109E+01
  0.31144795E+01  0.34797310E+01
  
  0.00000000E+00  0.35871111E+01
  0.10969445E-01  0.35878300E+01
  0.21938891E-01  0.35897316E+01
  0.32908336E-01  0.35924145E+01
  0.43877781E-01  0.35955394E+01
  0.54847226E-01  0.35990677E+01
  0.65816672E-01  0.36033408E+01
  0.76786117E-01  0.36089386E+01
  0.87755562E-01  0.36163611E+01
  0.98725008E-01  0.36257165E+01
  0.10969445E+00  0.36366473E+01
  0.12066390E+00  0.36485172E+01
  0.13163334E+00  0.36606878E+01
  0.14260279E+00  0.36727330E+01
  0.15357223E+00  0.36845454E+01
  0.16454168E+00  0.36963294E+01
  0.17551112E+00  0.37084951E+01
  0.18648057E+00  0.37215078E+01
  0.19745002E+00  0.37357967E+01
  0.20841946E+00  0.37518289E+01
  0.21938891E+00  0.37703513E+01
  0.23035835E+00  0.37926626E+01
  0.24132780E+00  0.38207414E+01
  0.25229724E+00  0.38572087E+01
  0.26326669E+00  0.39052471E+01
  0.27423613E+00  0.39684518E+01
  0.28520558E+00  0.40504031E+01
  0.29617502E+00  0.41539281E+01
  0.30714447E+00  0.42803243E+01
  0.31811391E+00  0.44289069E+01
  0.32908336E+00  0.45970823E+01
  0.34005280E+00  0.47809106E+01
  0.35102225E+00  0.49759442E+01
  0.36199169E+00  0.51780694E+01
  0.37296114E+00  0.53841276E+01
  0.38393058E+00  0.55922025E+01
  0.39490003E+00  0.58015763E+01
  0.40586948E+00  0.60124379E+01
  0.41683892E+00  0.62254607E+01
  0.42780837E+00  0.64413579E+01
  0.43877781E+00  0.66604963E+01
  0.44974726E+00  0.68826125E+01
  0.46071670E+00  0.71066576E+01
  0.47168615E+00  0.73307854E+01
  0.48265559E+00  0.75524909E+01
  0.49362504E+00  0.77688897E+01
  0.50459448E+00  0.79770967E+01
  0.51556393E+00  0.81746351E+01
  0.52653337E+00  0.83597878E+01
  0.53750282E+00  0.85318151E+01
  0.54847226E+00  0.86909901E+01
  0.55944171E+00  0.88384483E+01
  0.57041115E+00  0.89758915E+01
  0.58138060E+00  0.91052142E+01
  0.59235005E+00  0.92281295E+01
  0.60331949E+00  0.93458642E+01
  0.61428894E+00  0.94589676E+01
  0.62525838E+00  0.95672537E+01
  0.63622783E+00  0.96698735E+01
  0.64719727E+00  0.97427252E+01
  0.65816672E+00  0.96964830E+01
  0.66913616E+00  0.96500287E+01
  0.68010561E+00  0.96047151E+01
  0.69107505E+00  0.95615110E+01
  0.70204450E+00  0.95209362E+01
  0.71301394E+00  0.94830094E+01
  0.72398339E+00  0.94472538E+01
  0.73495283E+00  0.94127619E+01
  0.74592228E+00  0.93783267E+01
  0.75689172E+00  0.93426339E+01
  0.76786117E+00  0.93044954E+01
  0.77883061E+00  0.92630765E+01
  0.78980006E+00  0.92180566E+01
  0.80076951E+00  0.91696671E+01
  0.81173895E+00  0.91185991E+01
  0.82270840E+00  0.90658302E+01
  0.83367784E+00  0.90124535E+01
  0.84464729E+00  0.89595813E+01
  0.85561673E+00  0.89083379E+01
  0.86658618E+00  0.88598971E+01
  0.87755562E+00  0.88154949E+01
  0.88852507E+00  0.87763627E+01
  0.89949451E+00  0.87435802E+01
  0.91046396E+00  0.87178862E+01
  0.92143340E+00  0.86995099E+01
  0.93240285E+00  0.86880821E+01
  0.94337229E+00  0.86826630E+01
  0.95434174E+00  0.86818882E+01
  0.96531118E+00  0.86842025E+01
  0.97628063E+00  0.86881158E+01
  0.98725008E+00  0.86924157E+01
  0.99821952E+00  0.86962876E+01
  0.10091890E+01  0.86993347E+01
  0.10201584E+01  0.87015163E+01
  0.10311279E+01  0.87030408E+01
  0.10420973E+01  0.87042390E+01
  0.10530667E+01  0.87054393E+01
  0.10640362E+01  0.87068526E+01
  0.10750056E+01  0.87084806E+01
  0.10859751E+01  0.87100587E+01
  0.10969445E+01  0.87110489E+01
  0.11079140E+01  0.87106916E+01
  0.11188834E+01  0.87081144E+01
  0.11298529E+01  0.87024865E+01
  0.11408223E+01  0.86931870E+01
  0.11517918E+01  0.86799567E+01
  0.11627612E+01  0.86629952E+01
  0.11737306E+01  0.86429823E+01
  0.11847001E+01  0.86210145E+01
  0.11956695E+01  0.85984665E+01
  0.12066390E+01  0.85768027E+01
  0.12176084E+01  0.85573689E+01
  0.12285779E+01  0.85412000E+01
  0.12395473E+01  0.85288765E+01
  0.12505168E+01  0.85204549E+01
  0.12614862E+01  0.85154911E+01
  0.12724557E+01  0.85131563E+01
  0.12834251E+01  0.85124277E+01
  0.12943945E+01  0.85123184E+01
  0.13053640E+01  0.85121031E+01
  0.13163334E+01  0.85114918E+01
  0.13273029E+01  0.85111778E+01
  0.13382723E+01  0.85122364E+01
  0.13492418E+01  0.85155603E+01
  0.13602112E+01  0.85220823E+01
  0.13711807E+01  0.85325509E+01
  0.13821501E+01  0.85473202E+01
  0.13931196E+01  0.85662045E+01
  0.14040890E+01  0.85884406E+01
  0.14150584E+01  0.86127752E+01
  0.14260279E+01  0.86376589E+01
  0.14369973E+01  0.86615051E+01
  0.14479668E+01  0.86829533E+01
  0.14589362E+01  0.87010878E+01
  0.14699057E+01  0.87155763E+01
  0.14808751E+01  0.87267113E+01
  0.14918446E+01  0.87353518E+01
  0.15028140E+01  0.87427715E+01
  0.15137834E+01  0.87504303E+01
  0.15247529E+01  0.87597004E+01
  0.15357223E+01  0.87715935E+01
  0.15466918E+01  0.87865452E+01
  0.15576612E+01  0.88043059E+01
  0.15686307E+01  0.88239618E+01
  0.15796001E+01  0.88440722E+01
  0.15905696E+01  0.88628804E+01
  0.16015390E+01  0.88785407E+01
  0.16125085E+01  0.88893181E+01
  0.16234779E+01  0.88937373E+01
  0.16344473E+01  0.88906800E+01
  0.16454168E+01  0.88794437E+01
  0.16563862E+01  0.88597736E+01
  0.16673557E+01  0.88318738E+01
  0.16783251E+01  0.87963949E+01
  0.16892946E+01  0.87543886E+01
  0.17002640E+01  0.87072243E+01
  0.17112335E+01  0.86564701E+01
  0.17222029E+01  0.86037533E+01
  0.17331724E+01  0.85506231E+01
  0.17441418E+01  0.84984324E+01
  0.17551112E+01  0.84482541E+01
  0.17660807E+01  0.84008348E+01
  0.17770501E+01  0.83565854E+01
  0.17880196E+01  0.83156041E+01
  0.17989890E+01  0.82777263E+01
  0.18099585E+01  0.82425932E+01
  0.18209279E+01  0.82097321E+01
  0.18318974E+01  0.81786374E+01
  0.18428668E+01  0.81488462E+01
  0.18538363E+01  0.81200004E+01
  0.18648057E+01  0.80918940E+01
  0.18757751E+01  0.80645023E+01
  0.18867446E+01  0.80379900E+01
  0.18977140E+01  0.80126972E+01
  0.19086835E+01  0.79891038E+01
  0.19196529E+01  0.79677774E+01
  0.19306224E+01  0.79493130E+01
  0.19415918E+01  0.79342747E+01
  0.19525613E+01  0.79231464E+01
  0.19635307E+01  0.79162969E+01
  0.19745002E+01  0.79139583E+01
  0.19854615E+01  0.79126017E+01
  0.19964228E+01  0.79085338E+01
  0.20073842E+01  0.79021327E+01
  0.20183455E+01  0.78940075E+01
  0.20293068E+01  0.78849209E+01
  0.20402682E+01  0.78756493E+01
  0.20512295E+01  0.78668019E+01
  0.20621909E+01  0.78586582E+01
  0.20731522E+01  0.78510912E+01
  0.20841135E+01  0.78436133E+01
  0.20950749E+01  0.78355306E+01
  0.21060362E+01  0.78261529E+01
  0.21169976E+01  0.78150005E+01
  0.21279589E+01  0.78019749E+01
  0.21389202E+01  0.77874848E+01
  0.21498816E+01  0.77725232E+01
  0.21608429E+01  0.77586595E+01
  0.21718043E+01  0.77478711E+01
  0.21827656E+01  0.77421536E+01
  0.21937269E+01  0.77429602E+01
  0.22046883E+01  0.77506818E+01
  0.22156496E+01  0.77644321E+01
  0.22266110E+01  0.77822487E+01
  0.22375723E+01  0.78015906E+01
  0.22485336E+01  0.78199215E+01
  0.22594950E+01  0.78352298E+01
  0.22704563E+01  0.78464554E+01
  0.22814177E+01  0.78538671E+01
  0.22923790E+01  0.78594469E+01
  0.23033403E+01  0.78671786E+01
  0.23143017E+01  0.78826451E+01
  0.23252630E+01  0.79109553E+01
  0.23362244E+01  0.79537434E+01
  0.23471857E+01  0.80087018E+01
  0.23581470E+01  0.80722106E+01
  0.23691084E+01  0.81415532E+01
  0.23800697E+01  0.82152741E+01
  0.23910311E+01  0.82926759E+01
  0.24019924E+01  0.83733194E+01
  0.24129537E+01  0.84567477E+01
  0.24239151E+01  0.85423780E+01
  0.24348764E+01  0.86294645E+01
  0.24458378E+01  0.87170723E+01
  0.24567991E+01  0.88040626E+01
  0.24677604E+01  0.88891223E+01
  0.24787218E+01  0.89708746E+01
  0.24896831E+01  0.90216532E+01
  0.25006445E+01  0.89608051E+01
  0.25116058E+01  0.88936685E+01
  0.25225671E+01  0.88189811E+01
  0.25335285E+01  0.87351111E+01
  0.25444898E+01  0.86403710E+01
  0.25554512E+01  0.85332698E+01
  0.25664125E+01  0.84127517E+01
  0.25773738E+01  0.82783798E+01
  0.25883352E+01  0.81304227E+01
  0.25992965E+01  0.79698177E+01
  0.26102579E+01  0.77980099E+01
  0.26212192E+01  0.76166905E+01
  0.26321805E+01  0.74274861E+01
  0.26431419E+01  0.72316608E+01
  0.26541032E+01  0.70298996E+01
  0.26650646E+01  0.68222236E+01
  0.26760259E+01  0.66080742E+01
  0.26869872E+01  0.63865768E+01
  0.26979486E+01  0.61569673E+01
  0.27089099E+01  0.59191342E+01
  0.27198713E+01  0.56741879E+01
  0.27308326E+01  0.54249302E+01
  0.27417939E+01  0.51760702E+01
  0.27527553E+01  0.49340400E+01
  0.27637166E+01  0.47063242E+01
  0.27746780E+01  0.45003487E+01
  0.27856393E+01  0.43221468E+01
  0.27966006E+01  0.41751750E+01
  0.28075620E+01  0.40596840E+01
  0.28185233E+01  0.39728855E+01
  0.28294847E+01  0.39098540E+01
  0.28404460E+01  0.38648015E+01
  0.28514073E+01  0.38322614E+01
  0.28623687E+01  0.38078792E+01
  0.28733300E+01  0.37887032E+01
  0.28842914E+01  0.37730131E+01
  0.28952527E+01  0.37598718E+01
  0.29062140E+01  0.37486404E+01
  0.29171754E+01  0.37386410E+01
  0.29281367E+01  0.37290523E+01
  0.29390981E+01  0.37190145E+01
  0.29500594E+01  0.37078481E+01
  0.29610207E+01  0.36952545E+01
  0.29719821E+01  0.36814023E+01
  0.29829434E+01  0.36668699E+01
  0.29939048E+01  0.36524741E+01
  0.30048661E+01  0.36390505E+01
  0.30158274E+01  0.36272523E+01
  0.30267888E+01  0.36174197E+01
  0.30377501E+01  0.36095518E+01
  0.30487115E+01  0.36033825E+01
  0.30596728E+01  0.35985287E+01
  0.30706341E+01  0.35946471E+01
  0.30815955E+01  0.35915411E+01
  0.30925568E+01  0.35891845E+01
  0.31035182E+01  0.35876691E+01
  0.31144795E+01  0.35871111E+01
  
  0.00000000E+00  0.11415280E+02
  0.10969445E-01  0.11412722E+02
  0.21938891E-01  0.11405084E+02
  0.32908336E-01  0.11392625E+02
  0.43877781E-01  0.11375758E+02
  0.54847226E-01  0.11355054E+02
  0.65816672E-01  0.11331215E+02
  0.76786117E-01  0.11305017E+02
  0.87755562E-01  0.11277236E+02
  0.98725008E-01  0.11248561E+02
  0.10969445E+00  0.11219526E+02
  0.12066390E+00  0.11190477E+02
  0.13163334E+00  0.11161577E+02
  0.14260279E+00  0.11132859E+02
  0.15357223E+00  0.11104292E+02
  0.16454168E+00  0.11075857E+02
  0.17551112E+00  0.11047590E+02
  0.18648057E+00  0.11019604E+02
  0.19745002E+00  0.10992076E+02
  0.20841946E+00  0.10965233E+02
  0.21938891E+00  0.10939321E+02
  0.23035835E+00  0.10914590E+02
  0.24132780E+00  0.10891271E+02
  0.25229724E+00  0.10869551E+02
  0.26326669E+00  0.10849540E+02
  0.27423613E+00  0.10831225E+02
  0.28520558E+00  0.10814429E+02
  0.29617502E+00  0.10798779E+02
  0.30714447E+00  0.10783693E+02
  0.31811391E+00  0.10768401E+02
  0.32908336E+00  0.10751992E+02
  0.34005280E+00  0.10733487E+02
  0.35102225E+00  0.10711912E+02
  0.36199169E+00  0.10686385E+02
  0.37296114E+00  0.10656186E+02
  0.38393058E+00  0.10620835E+02
  0.39490003E+00  0.10580162E+02
  0.40586948E+00  0.10534371E+02
  0.41683892E+00  0.10484081E+02
  0.42780837E+00  0.10430322E+02
  0.43877781E+00  0.10374488E+02
  0.44974726E+00  0.10318228E+02
  0.46071670E+00  0.10263301E+02
  0.47168615E+00  0.10211400E+02
  0.48265559E+00  0.10163979E+02
  0.49362504E+00  0.10122104E+02
  0.50459448E+00  0.10086338E+02
  0.51556393E+00  0.10056690E+02
  0.52653337E+00  0.10032607E+02
  0.53750282E+00  0.10013026E+02
  0.54847226E+00  0.99964760E+01
  0.55944171E+00  0.99812087E+01
  0.57041115E+00  0.99653714E+01
  0.58138060E+00  0.99471962E+01
  0.59235005E+00  0.99251977E+01
  0.60331949E+00  0.98983507E+01
  0.61428894E+00  0.98662172E+01
  0.62525838E+00  0.98289914E+01
  0.63622783E+00  0.97874512E+01
  0.64719727E+00  0.97655980E+01
  0.65816672E+00  0.98527036E+01
  0.66913616E+00  0.99299776E+01
  0.68010561E+00  0.99964119E+01
  0.69107505E+00  0.10051722E+02
  0.70204450E+00  0.10096441E+02
  0.71301394E+00  0.10131922E+02
  0.72398339E+00  0.10160196E+02
  0.73495283E+00  0.10183725E+02
  0.74592228E+00  0.10205093E+02
  0.75689172E+00  0.10226694E+02
  0.76786117E+00  0.10250469E+02
  0.77883061E+00  0.10277732E+02
  0.78980006E+00  0.10309095E+02
  0.80076951E+00  0.10344488E+02
  0.81173895E+00  0.10383257E+02
  0.82270840E+00  0.10424314E+02
  0.83367784E+00  0.10465814E+02
  0.84464729E+00  0.10440877E+02
  0.85561673E+00  0.10413054E+02
  0.86658618E+00  0.10394541E+02
  0.87755562E+00  0.10384535E+02
  0.88852507E+00  0.10381367E+02
  0.89949451E+00  0.10382802E+02
  0.91046396E+00  0.10386423E+02
  0.92143340E+00  0.10390031E+02
  0.93240285E+00  0.10391972E+02
  0.94337229E+00  0.10391335E+02
  0.95434174E+00  0.10388012E+02
  0.96531118E+00  0.10382637E+02
  0.97628063E+00  0.10376430E+02
  0.98725008E+00  0.10370980E+02
  0.99821952E+00  0.10368010E+02
  0.10091890E+01  0.10369134E+02
  0.10201584E+01  0.10375655E+02
  0.10311279E+01  0.10388411E+02
  0.10420973E+01  0.10407685E+02
  0.10530667E+01  0.10433199E+02
  0.10640362E+01  0.10464188E+02
  0.10750056E+01  0.10499545E+02
  0.10859751E+01  0.10538024E+02
  0.10969445E+01  0.10578449E+02
  0.11079140E+01  0.10619902E+02
  0.11188834E+01  0.10661848E+02
  0.11298529E+01  0.10704167E+02
  0.11408223E+01  0.10747099E+02
  0.11517918E+01  0.10791105E+02
  0.11627612E+01  0.10836683E+02
  0.11737306E+01  0.10884185E+02
  0.11847001E+01  0.10933659E+02
  0.11956695E+01  0.10984752E+02
  0.12066390E+01  0.11036686E+02
  0.12176084E+01  0.11088298E+02
  0.12285779E+01  0.11138155E+02
  0.12395473E+01  0.11184718E+02
  0.12505168E+01  0.11226526E+02
  0.12614862E+01  0.11262377E+02
  0.12724557E+01  0.11291462E+02
  0.12834251E+01  0.11313434E+02
  0.12943945E+01  0.11328406E+02
  0.13053640E+01  0.11336876E+02
  0.13163334E+01  0.11339605E+02
  0.13273029E+01  0.11337275E+02
  0.13382723E+01  0.11330551E+02
  0.13492418E+01  0.11320135E+02
  0.13602112E+01  0.11306492E+02
  0.13711807E+01  0.11289792E+02
  0.13821501E+01  0.11269905E+02
  0.13931196E+01  0.11246448E+02
  0.14040890E+01  0.11218871E+02
  0.14150584E+01  0.11186572E+02
  0.14260279E+01  0.11149044E+02
  0.14369973E+01  0.11106010E+02
  0.14479668E+01  0.11057569E+02
  0.14589362E+01  0.11004288E+02
  0.14699057E+01  0.10947241E+02
  0.14808751E+01  0.10887955E+02
  0.14918446E+01  0.10828276E+02
  0.15028140E+01  0.10770170E+02
  0.15137834E+01  0.10715490E+02
  0.15247529E+01  0.10665759E+02
  0.15357223E+01  0.10621987E+02
  0.15466918E+01  0.10584561E+02
  0.15576612E+01  0.10553211E+02
  0.15686307E+01  0.10527073E+02
  0.15796001E+01  0.10504844E+02
  0.15905696E+01  0.10485034E+02
  0.16015390E+01  0.10466278E+02
  0.16125085E+01  0.10447660E+02
  0.16234779E+01  0.10428985E+02
  0.16344473E+01  0.10410941E+02
  0.16454168E+01  0.10395089E+02
  0.16563862E+01  0.10383666E+02
  0.16673557E+01  0.10379000E+02
  0.16783251E+01  0.10322104E+02
  0.16892946E+01  0.10243941E+02
  0.17002640E+01  0.10159481E+02
  0.17112335E+01  0.10069272E+02
  0.17222029E+01  0.99745806E+01
  0.17331724E+01  0.98771390E+01
  0.17441418E+01  0.97788453E+01
  0.17551112E+01  0.96814739E+01
  0.17660807E+01  0.95864503E+01
  0.17770501E+01  0.94947220E+01
  0.17880196E+01  0.94067331E+01
  0.17989890E+01  0.93224936E+01
  0.18099585E+01  0.92417192E+01
  0.18209279E+01  0.91640094E+01
  0.18318974E+01  0.90890284E+01
  0.18428668E+01  0.90166575E+01
  0.18538363E+01  0.89470896E+01
  0.18648057E+01  0.88808481E+01
  0.18757751E+01  0.88187261E+01
  0.18867446E+01  0.87616571E+01
  0.18977140E+01  0.87105516E+01
  0.19086835E+01  0.86661413E+01
  0.19196529E+01  0.86288736E+01
  0.19306224E+01  0.85988843E+01
  0.19415918E+01  0.85760473E+01
  0.19525613E+01  0.85600784E+01
  0.19635307E+01  0.85506595E+01
  0.19745002E+01  0.85475493E+01
  0.19854615E+01  0.85481817E+01
  0.19964228E+01  0.85500067E+01
  0.20073842E+01  0.85527764E+01
  0.20183455E+01  0.85561450E+01
  0.20293068E+01  0.85597546E+01
  0.20402682E+01  0.85633258E+01
  0.20512295E+01  0.85667328E+01
  0.20621909E+01  0.85700479E+01
  0.20731522E+01  0.85735448E+01
  0.20841135E+01  0.85776608E+01
  0.20950749E+01  0.85829253E+01
  0.21060362E+01  0.85898697E+01
  0.21169976E+01  0.85989386E+01
  0.21279589E+01  0.86104191E+01
  0.21389202E+01  0.86244049E+01
  0.21498816E+01  0.86407995E+01
  0.21608429E+01  0.86593589E+01
  0.21718043E+01  0.86797611E+01
  0.21827656E+01  0.87016903E+01
  0.21937269E+01  0.87249153E+01
  0.22046883E+01  0.87493485E+01
  0.22156496E+01  0.87750715E+01
  0.22266110E+01  0.88023237E+01
  0.22375723E+01  0.88314533E+01
  0.22485336E+01  0.88628390E+01
  0.22594950E+01  0.88967959E+01
  0.22704563E+01  0.89334801E+01
  0.22814177E+01  0.89728067E+01
  0.22923790E+01  0.90143945E+01
  0.23033403E+01  0.90575426E+01
  0.23143017E+01  0.91012434E+01
  0.23252630E+01  0.91442282E+01
  0.23362244E+01  0.91850412E+01
  0.23471857E+01  0.92221331E+01
  0.23581470E+01  0.92539672E+01
  0.23691084E+01  0.92791300E+01
  0.23800697E+01  0.92964377E+01
  0.23910311E+01  0.93050294E+01
  0.24019924E+01  0.93044350E+01
  0.24129537E+01  0.92946058E+01
  0.24239151E+01  0.92758987E+01
  0.24348764E+01  0.92490071E+01
  0.24458378E+01  0.92148403E+01
  0.24567991E+01  0.91743634E+01
  0.24677604E+01  0.91284170E+01
  0.24787218E+01  0.90775509E+01
  0.24896831E+01  0.90483183E+01
  0.25006445E+01  0.91201305E+01
  0.25116058E+01  0.91864545E+01
  0.25225671E+01  0.92475346E+01
  0.25335285E+01  0.93042250E+01
  0.25444898E+01  0.93577067E+01
  0.25554512E+01  0.94092721E+01
  0.25664125E+01  0.94601450E+01
  0.25773738E+01  0.95113602E+01
  0.25883352E+01  0.95636979E+01
  0.25992965E+01  0.96176589E+01
  0.26102579E+01  0.96734683E+01
  0.26212192E+01  0.97311024E+01
  0.26321805E+01  0.97903372E+01
  0.26431419E+01  0.98508140E+01
  0.26541032E+01  0.99121087E+01
  0.26650646E+01  0.99737886E+01
  0.26760259E+01  0.10035440E+02
  0.26869872E+01  0.10096665E+02
  0.26979486E+01  0.10157057E+02
  0.27089099E+01  0.10216173E+02
  0.27198713E+01  0.10273523E+02
  0.27308326E+01  0.10328588E+02
  0.27417939E+01  0.10380868E+02
  0.27527553E+01  0.10429949E+02
  0.27637166E+01  0.10475580E+02
  0.27746780E+01  0.10517741E+02
  0.27856393E+01  0.10556671E+02
  0.27966006E+01  0.10592865E+02
  0.28075620E+01  0.10627013E+02
  0.28185233E+01  0.10659904E+02
  0.28294847E+01  0.10692300E+02
  0.28404460E+01  0.10724818E+02
  0.28514073E+01  0.10757838E+02
  0.28623687E+01  0.10791474E+02
  0.28733300E+01  0.10825591E+02
  0.28842914E+01  0.10859887E+02
  0.28952527E+01  0.10893988E+02
  0.29062140E+01  0.10927556E+02
  0.29171754E+01  0.10960369E+02
  0.29281367E+01  0.10992370E+02
  0.29390981E+01  0.11023666E+02
  0.29500594E+01  0.11054500E+02
  0.29610207E+01  0.11085186E+02
  0.29719821E+01  0.11116025E+02
  0.29829434E+01  0.11147226E+02
  0.29939048E+01  0.11178835E+02
  0.30048661E+01  0.11210690E+02
  0.30158274E+01  0.11242412E+02
  0.30267888E+01  0.11273435E+02
  0.30377501E+01  0.11303058E+02
  0.30487115E+01  0.11330522E+02
  0.30596728E+01  0.11355082E+02
  0.30706341E+01  0.11376070E+02
  0.30815955E+01  0.11392936E+02
  0.30925568E+01  0.11405263E+02
  0.31035182E+01  0.11412768E+02
  0.31144795E+01  0.11415280E+02
  
  0.00000000E+00  0.11415295E+02
  0.10969445E-01  0.11416083E+02
  0.21938891E-01  0.11418510E+02
  0.32908336E-01  0.11422580E+02
  0.43877781E-01  0.11428306E+02
  0.54847226E-01  0.11435675E+02
  0.65816672E-01  0.11444638E+02
  0.76786117E-01  0.11455108E+02
  0.87755562E-01  0.11466982E+02
  0.98725008E-01  0.11480158E+02
  0.10969445E+00  0.11494556E+02
  0.12066390E+00  0.11510117E+02
  0.13163334E+00  0.11526781E+02
  0.14260279E+00  0.11544433E+02
  0.15357223E+00  0.11562851E+02
  0.16454168E+00  0.11581665E+02
  0.17551112E+00  0.11600344E+02
  0.18648057E+00  0.11618235E+02
  0.19745002E+00  0.11634641E+02
  0.20841946E+00  0.11648910E+02
  0.21938891E+00  0.11660535E+02
  0.23035835E+00  0.11669228E+02
  0.24132780E+00  0.11674964E+02
  0.25229724E+00  0.11678001E+02
  0.26326669E+00  0.11678859E+02
  0.27423613E+00  0.11678287E+02
  0.28520558E+00  0.11677194E+02
  0.29617502E+00  0.11676584E+02
  0.30714447E+00  0.11677452E+02
  0.31811391E+00  0.11680688E+02
  0.32908336E+00  0.11686969E+02
  0.34005280E+00  0.11696661E+02
  0.35102225E+00  0.11709759E+02
  0.36199169E+00  0.11725859E+02
  0.37296114E+00  0.11744181E+02
  0.38393058E+00  0.11763627E+02
  0.39490003E+00  0.11782870E+02
  0.40586948E+00  0.11800463E+02
  0.41683892E+00  0.11814964E+02
  0.42780837E+00  0.11825057E+02
  0.43877781E+00  0.11829685E+02
  0.44974726E+00  0.11828153E+02
  0.46071670E+00  0.11820197E+02
  0.47168615E+00  0.11806001E+02
  0.48265559E+00  0.11786159E+02
  0.49362504E+00  0.11761573E+02
  0.50459448E+00  0.11733315E+02
  0.51556393E+00  0.11702480E+02
  0.52653337E+00  0.11670040E+02
  0.53750282E+00  0.11636749E+02
  0.54847226E+00  0.11603092E+02
  0.55944171E+00  0.11569301E+02
  0.57041115E+00  0.11535396E+02
  0.58138060E+00  0.11501270E+02
  0.59235005E+00  0.11466755E+02
  0.60331949E+00  0.11431685E+02
  0.61428894E+00  0.11395938E+02
  0.62525838E+00  0.11359464E+02
  0.63622783E+00  0.11322299E+02
  0.64719727E+00  0.11284561E+02
  0.65816672E+00  0.11246421E+02
  0.66913616E+00  0.11208045E+02
  0.68010561E+00  0.11169510E+02
  0.69107505E+00  0.11130726E+02
  0.70204450E+00  0.11091372E+02
  0.71301394E+00  0.11050893E+02
  0.72398339E+00  0.11008567E+02
  0.73495283E+00  0.10963627E+02
  0.74592228E+00  0.10915438E+02
  0.75689172E+00  0.10863680E+02
  0.76786117E+00  0.10808505E+02
  0.77883061E+00  0.10750620E+02
  0.78980006E+00  0.10691299E+02
  0.80076951E+00  0.10632292E+02
  0.81173895E+00  0.10575679E+02
  0.82270840E+00  0.10523668E+02
  0.83367784E+00  0.10478878E+02
  0.84464729E+00  0.10508545E+02
  0.85561673E+00  0.10548991E+02
  0.86658618E+00  0.10587340E+02
  0.87755562E+00  0.10623171E+02
  0.88852507E+00  0.10656484E+02
  0.89949451E+00  0.10687605E+02
  0.91046396E+00  0.10717089E+02
  0.92143340E+00  0.10745622E+02
  0.93240285E+00  0.10773970E+02
  0.94337229E+00  0.10802962E+02
  0.95434174E+00  0.10833499E+02
  0.96531118E+00  0.10866559E+02
  0.97628063E+00  0.10903171E+02
  0.98725008E+00  0.10944353E+02
  0.99821952E+00  0.10991032E+02
  0.10091890E+01  0.11043947E+02
  0.10201584E+01  0.11103526E+02
  0.10311279E+01  0.11169766E+02
  0.10420973E+01  0.11242110E+02
  0.10530667E+01  0.11319359E+02
  0.10640362E+01  0.11399640E+02
  0.10750056E+01  0.11480468E+02
  0.10859751E+01  0.11558912E+02
  0.10969445E+01  0.11631853E+02
  0.11079140E+01  0.11696322E+02
  0.11188834E+01  0.11749854E+02
  0.11298529E+01  0.11790812E+02
  0.11408223E+01  0.11818627E+02
  0.11517918E+01  0.11833916E+02
  0.11627612E+01  0.11838450E+02
  0.11737306E+01  0.11834976E+02
  0.11847001E+01  0.11826903E+02
  0.11956695E+01  0.11817895E+02
  0.12066390E+01  0.11811417E+02
  0.12176084E+01  0.11810288E+02
  0.12285779E+01  0.11816312E+02
  0.12395473E+01  0.11830037E+02
  0.12505168E+01  0.11850689E+02
  0.12614862E+01  0.11876294E+02
  0.12724557E+01  0.11903994E+02
  0.12834251E+01  0.11930482E+02
  0.12943945E+01  0.11952510E+02
  0.13053640E+01  0.11967377E+02
  0.13163334E+01  0.11973335E+02
  0.13273029E+01  0.11969778E+02
  0.13382723E+01  0.11957420E+02
  0.13492418E+01  0.11938236E+02
  0.13602112E+01  0.11915114E+02
  0.13711807E+01  0.11891406E+02
  0.13821501E+01  0.11870402E+02
  0.13931196E+01  0.11854780E+02
  0.14040890E+01  0.11846134E+02
  0.14150584E+01  0.11844651E+02
  0.14260279E+01  0.11848994E+02
  0.14369973E+01  0.11856420E+02
  0.14479668E+01  0.11863092E+02
  0.14589362E+01  0.11864558E+02
  0.14699057E+01  0.11856317E+02
  0.14808751E+01  0.11834404E+02
  0.14918446E+01  0.11795906E+02
  0.15028140E+01  0.11739359E+02
  0.15137834E+01  0.11664942E+02
  0.15247529E+01  0.11574470E+02
  0.15357223E+01  0.11471172E+02
  0.15466918E+01  0.11359283E+02
  0.15576612E+01  0.11243522E+02
  0.15686307E+01  0.11128519E+02
  0.15796001E+01  0.11018269E+02
  0.15905696E+01  0.10915702E+02
  0.16015390E+01  0.10822410E+02
  0.16125085E+01  0.10738571E+02
  0.16234779E+01  0.10663066E+02
  0.16344473E+01  0.10593756E+02
  0.16454168E+01  0.10527865E+02
  0.16563862E+01  0.10462417E+02
  0.16673557E+01  0.10394874E+02
  0.16783251E+01  0.10384410E+02
  0.16892946E+01  0.10400360E+02
  0.17002640E+01  0.10427818E+02
  0.17112335E+01  0.10465724E+02
  0.17222029E+01  0.10511504E+02
  0.17331724E+01  0.10561263E+02
  0.17441418E+01  0.10610247E+02
  0.17551112E+01  0.10653498E+02
  0.17660807E+01  0.10686607E+02
  0.17770501E+01  0.10706450E+02
  0.17880196E+01  0.10711791E+02
  0.17989890E+01  0.10703659E+02
  0.18099585E+01  0.10685421E+02
  0.18209279E+01  0.10662516E+02
  0.18318974E+01  0.10641875E+02
  0.18428668E+01  0.10631080E+02
  0.18538363E+01  0.10637343E+02
  0.18648057E+01  0.10666463E+02
  0.18757751E+01  0.10721867E+02
  0.18867446E+01  0.10803921E+02
  0.18977140E+01  0.10909605E+02
  0.19086835E+01  0.11032638E+02
  0.19196529E+01  0.11164043E+02
  0.19306224E+01  0.11293091E+02
  0.19415918E+01  0.11408500E+02
  0.19525613E+01  0.11499727E+02
  0.19635307E+01  0.11558203E+02
  0.19745002E+01  0.11578342E+02
  0.19854615E+01  0.11579707E+02
  0.19964228E+01  0.11583790E+02
  0.20073842E+01  0.11590524E+02
  0.20183455E+01  0.11599817E+02
  0.20293068E+01  0.11611568E+02
  0.20402682E+01  0.11625692E+02
  0.20512295E+01  0.11642121E+02
  0.20621909E+01  0.11660805E+02
  0.20731522E+01  0.11681690E+02
  0.20841135E+01  0.11704693E+02
  0.20950749E+01  0.11729670E+02
  0.21060362E+01  0.11756397E+02
  0.21169976E+01  0.11784567E+02
  0.21279589E+01  0.11813807E+02
  0.21389202E+01  0.11843721E+02
  0.21498816E+01  0.11873950E+02
  0.21608429E+01  0.11904227E+02
  0.21718043E+01  0.11934432E+02
  0.21827656E+01  0.11964617E+02
  0.21937269E+01  0.11994996E+02
  0.22046883E+01  0.12025900E+02
  0.22156496E+01  0.12057701E+02
  0.22266110E+01  0.12090711E+02
  0.22375723E+01  0.12125082E+02
  0.22485336E+01  0.12160714E+02
  0.22594950E+01  0.12197215E+02
  0.22704563E+01  0.12233901E+02
  0.22814177E+01  0.12269865E+02
  0.22923790E+01  0.12304095E+02
  0.23033403E+01  0.12335629E+02
  0.23143017E+01  0.12363720E+02
  0.23252630E+01  0.12387970E+02
  0.23362244E+01  0.12408419E+02
  0.23471857E+01  0.12425553E+02
  0.23581470E+01  0.12440244E+02
  0.23691084E+01  0.12453611E+02
  0.23800697E+01  0.12466842E+02
  0.23910311E+01  0.12480991E+02
  0.24019924E+01  0.12496797E+02
  0.24129537E+01  0.12514539E+02
  0.24239151E+01  0.12533975E+02
  0.24348764E+01  0.12554354E+02
  0.24458378E+01  0.12574519E+02
  0.24567991E+01  0.12593075E+02
  0.24677604E+01  0.12608595E+02
  0.24787218E+01  0.12619834E+02
  0.24896831E+01  0.12625904E+02
  0.25006445E+01  0.12626395E+02
  0.25116058E+01  0.12621413E+02
  0.25225671E+01  0.12611534E+02
  0.25335285E+01  0.12597690E+02
  0.25444898E+01  0.12581011E+02
  0.25554512E+01  0.12562639E+02
  0.25664125E+01  0.12543568E+02
  0.25773738E+01  0.12524519E+02
  0.25883352E+01  0.12505872E+02
  0.25992965E+01  0.12487664E+02
  0.26102579E+01  0.12469644E+02
  0.26212192E+01  0.12451376E+02
  0.26321805E+01  0.12432349E+02
  0.26431419E+01  0.12412097E+02
  0.26541032E+01  0.12390284E+02
  0.26650646E+01  0.12366756E+02
  0.26760259E+01  0.12341553E+02
  0.26869872E+01  0.12314875E+02
  0.26979486E+01  0.12287024E+02
  0.27089099E+01  0.12258335E+02
  0.27198713E+01  0.12229111E+02
  0.27308326E+01  0.12199570E+02
  0.27417939E+01  0.12169826E+02
  0.27527553E+01  0.12139893E+02
  0.27637166E+01  0.12109713E+02
  0.27746780E+01  0.12079199E+02
  0.27856393E+01  0.12048279E+02
  0.27966006E+01  0.12016933E+02
  0.28075620E+01  0.11985215E+02
  0.28185233E+01  0.11953252E+02
  0.28294847E+01  0.11921232E+02
  0.28404460E+01  0.11889372E+02
  0.28514073E+01  0.11857886E+02
  0.28623687E+01  0.11826959E+02
  0.28733300E+01  0.11796722E+02
  0.28842914E+01  0.11767254E+02
  0.28952527E+01  0.11738586E+02
  0.29062140E+01  0.11710721E+02
  0.29171754E+01  0.11683659E+02
  0.29281367E+01  0.11657416E+02
  0.29390981E+01  0.11632034E+02
  0.29500594E+01  0.11607594E+02
  0.29610207E+01  0.11584201E+02
  0.29719821E+01  0.11561984E+02
  0.29829434E+01  0.11541070E+02
  0.29939048E+01  0.11521579E+02
  0.30048661E+01  0.11503606E+02
  0.30158274E+01  0.11487218E+02
  0.30267888E+01  0.11472455E+02
  0.30377501E+01  0.11459335E+02
  0.30487115E+01  0.11447870E+02
  0.30596728E+01  0.11438074E+02
  0.30706341E+01  0.11429970E+02
  0.30815955E+01  0.11423596E+02
  0.30925568E+01  0.11418997E+02
  0.31035182E+01  0.11416216E+02
  0.31144795E+01  0.11415295E+02
  
